slug,type,order,text_ar,text_en,amount,unit_ar
absher-account-registration,check,1,هوية وطنية أو إقامة سارية,Valid national ID or Iqama,,
absher-account-registration,check,2,رقم جوال سعودي مسجل باسمك,Saudi mobile number registered in your name,,
absher-account-registration,check,3,بريد إلكتروني فعّال,Active email address,,
absher-account-registration,fee,1,التسجيل,,0,مجاني
absher-account-registration,step,1,ادخل إلى موقع أبشر أو حمّل التطبيق,Go to Absher website or download the app,,
absher-account-registration,step,2,"اضغط ""مستخدم جديد"" واختر نوع الحساب (أفراد أو أعمال)",Click New User and choose account type,,
absher-account-registration,step,3,أدخل رقم الهوية أو الإقامة وتاريخ الميلاد,Enter ID/Iqama number and date of birth,,
absher-account-registration,step,4,أنشئ اسم مستخدم وكلمة مرور قوية,Create username and strong password,,
absher-account-registration,step,5,أدخل رمز التحقق المرسل لجوالك,Enter OTP sent to your mobile,,
absher-account-registration,step,6,فعّل الحساب عبر تطبيق نفاذ أو زيارة أحد أجهزة الخدمة الذاتية,Activate via Nafath app or self-service kiosk,,
absher-account-registration,trouble,1,لم يصلني رمز التحقق,تأكد أن رقم الجوال مسجل باسمك لدى شركة الاتصالات. إذا كان الرقم مسجلاً باسم شخص آخر، لن يصل الرمز.,,
absher-account-registration,trouble,2,ما الفرق بين أبشر أفراد وأبشر أعمال؟,أبشر أفراد للخدمات الشخصية (جوازات، مرور، أحوال مدنية). أبشر أعمال لأصحاب المنشآت (إقامات العمالة، تأشيرات).,,
absher-account-registration,trouble,3,نسيت كلمة المرور,"اضغط ""نسيت كلمة المرور"" في صفحة الدخول وأعد تعيينها عبر رمز التحقق المرسل لجوالك.",,
check-iqama-validity,check,1,حساب أبشر مفعّل,Active Absher account,,
check-iqama-validity,check,2,رقم الإقامة المراد الاستعلام عنها,Iqama number to check,,
check-iqama-validity,fee,1,الاستعلام,,0,مجاني
check-iqama-validity,step,1,سجّل الدخول إلى أبشر أفراد,Log in to Absher Individuals,,
check-iqama-validity,step,2,"اختر ""خدماتي"" ثم ""الجوازات""",Go to My Services → Passports,,
check-iqama-validity,step,3,"اختر ""الاستعلام عن صلاحية الإقامة""",Select Check Iqama Validity,,
check-iqama-validity,step,4,ستظهر بيانات الإقامة وتاريخ الانتهاء,Iqama details and expiry date will be displayed,,
check-iqama-validity,trouble,1,هل يمكن الاستعلام بدون أبشر؟,نعم، يمكن الاستعلام عبر موقع وزارة الموارد البشرية (خدمة استعلام عن موظف وافد) برقم الإقامة فقط.,,
check-iqama-validity,trouble,2,الإقامة منتهية — ماذا أفعل؟,جدّد الإقامة فوراً عبر أبشر لتجنب الغرامة (500 ر.س للمرة الأولى). إذا تجاوزت 3 أيام من الانتهاء ستُفرض الغرامة تلقائياً.,,
check-iqama-validity,trouble,3,هل يمكن الاستعلام عن إقامة شخص آخر؟,نعم، إذا كان مكفولاً لديك (عمالة منزلية أو تابعين) يمكنك رؤية صلاحية إقامتهم من حسابك.,,
check-iqama-validity,trouble,4,الإقامة تنتهي بعد أسبوع — هل أجدد الآن؟,نعم، يُنصح بالتجديد قبل الانتهاء بـ 3 أيام على الأقل. يمكنك التجديد إذا كانت الصلاحية أقل من 14 شهراً.,,
check-traffic-violations,check,1,حساب أبشر مفعّل أو تطبيق المرور,Active Absher account or Traffic app,,
check-traffic-violations,check,2,رقم الهوية أو الإقامة,National ID or Iqama number,,
check-traffic-violations,fee,1,الاستعلام,,0,مجاني
check-traffic-violations,step,1,سجّل الدخول إلى أبشر أفراد أو تطبيق المرور,Log in to Absher or Traffic app,,
check-traffic-violations,step,2,"اختر ""خدمات المرور"" ثم ""الاستعلام عن المخالفات""",Go to Traffic Services → Check Violations,,
check-traffic-violations,step,3,ستظهر قائمة بكل المخالفات مع التفاصيل,All violations listed with details,,
check-traffic-violations,step,4,يمكنك سداد أي مخالفة مباشرة من نفس الصفحة,You can pay any violation directly from the same page,,
check-traffic-violations,trouble,1,المخالفة لا تظهر في أبشر,قد تحتاج 48-72 ساعة لتظهر بعد التسجيل. جرّب أيضاً تطبيق المرور أو منصة إيفاء.,,
check-traffic-violations,trouble,2,مخالفة مسجلة وأنا لم أكن السائق,قدّم اعتراضاً خلال 30 يوماً عبر أبشر أو تطبيق كلنا أمن.,,
check-traffic-violations,trouble,3,هل هناك خصم على السداد المبكر؟,نعم، بعض المخالفات عليها خصم 25% عند السداد خلال 30 يوماً من التسجيل.,,
check-traffic-violations,trouble,4,كيف أعرف إذا عندي مخالفات ساهر؟,مخالفات ساهر تظهر ضمن المخالفات المرورية في أبشر. تصلك رسالة SMS عند تسجيل أي مخالفة جديدة.,,
convert-visit-to-iqama,check,1,تأشيرة زيارة سارية المفعول,Valid visit visa,,
convert-visit-to-iqama,check,2,جواز سفر ساري لمدة 6 أشهر على الأقل,Passport valid for at least 6 months,,
convert-visit-to-iqama,check,3,صاحب عمل مستعد لتقديم طلب النقل (لتأشيرة العمل),Employer ready to submit transfer request (for work visa),,
convert-visit-to-iqama,check,4,فحص طبي وتأمين صحي,Medical exam and health insurance,,
convert-visit-to-iqama,fee,1,رسوم التحويل,,2000,ر.س تقريباً
convert-visit-to-iqama,fee,2,إصدار الإقامة,,650,ر.س
convert-visit-to-iqama,step,1,صاحب العمل يتقدم بطلب تحويل الزيارة إلى عمل عبر قوى,Employer submits conversion request via Qiwa,,
convert-visit-to-iqama,step,2,بعد الموافقة، يصدر تأشيرة عمل داخلية,"After approval, internal work visa is issued",,
convert-visit-to-iqama,step,3,الزائر يُجري الفحص الطبي ويحصل على تأمين صحي,Visitor completes medical exam and obtains health insurance,,
convert-visit-to-iqama,step,4,صاحب العمل يُصدر الإقامة عبر أبشر أعمال,Employer issues Iqama via Absher Business,,
convert-visit-to-iqama,step,5,يتم إصدار هوية مقيم جديدة,New resident ID is issued,,
convert-visit-to-iqama,trouble,1,هل يمكن تحويل كل أنواع تأشيرات الزيارة؟,لا، بعض أنواع التأشيرات لا تقبل التحويل (مثل تأشيرات السياحة). تأشيرات الزيارة العائلية والتجارية عادة تقبل.,,
convert-visit-to-iqama,trouble,2,كم تستغرق العملية؟,عادة 2-4 أسابيع من تقديم الطلب حتى إصدار الإقامة.,,
convert-visit-to-iqama,trouble,3,تأشيرة الزيارة على وشك الانتهاء — هل أمدد أولاً؟,نعم، يجب أن تكون التأشيرة سارية أثناء معالجة الطلب. مدّدها عبر أبشر قبل التقديم على التحويل.,,
convert-visit-to-iqama,trouble,4,هل يمكن تحويل زيارة عائلية لمرافق إلى إقامة مرافق؟,نعم، إذا كان الكفيل مستوفياً لشروط استقبال المرافقين (راتب كافٍ وإقامة سارية).,,
dependents-fee-payment,check,1,إقامة المقيم سارية,Valid Iqama,,
dependents-fee-payment,check,2,حساب بنكي مربوط بسداد,Bank account linked to Sadad,,
dependents-fee-payment,fee,1,رسوم المرافق / التابع,,400,ر.س / شهر / شخص
dependents-fee-payment,step,1,ادخل إلى أبشر أو تطبيق البنك,Go to Absher or banking app,,
dependents-fee-payment,step,2,"اختر ""المدفوعات الحكومية"" أو ""سداد""",Select Government Payments or Sadad,,
dependents-fee-payment,step,3,"اختر ""رسوم المرافقين"" وأدخل رقم الإقامة",Select Dependent Fees and enter Iqama number,,
dependents-fee-payment,step,4,حدد عدد الأشهر المراد سدادها,Select number of months to pay,,
dependents-fee-payment,step,5,أكمل عملية السداد,Complete payment,,
dependents-fee-payment,trouble,1,من المعفى من رسوم المرافقين؟,الزوجة الأولى والأبناء حتى سن 18 (أو 25 إذا كانوا طلاباً) معفيون في بعض الحالات. راجع التفاصيل عبر أبشر.,,
dependents-fee-payment,trouble,2,هل يمكن سداد الرسوم مقدماً لسنة كاملة؟,نعم، يمكن سداد حتى 12 شهراً مقدماً.,,
dependents-fee-payment,trouble,3,المبلغ يبدو أكثر مما أتوقع,الرسوم 400 ر.س × عدد المرافقين × عدد الأشهر. تأكد من عدد المرافقين المسجلين عبر أبشر.,,
ejar-rental-contract,check,1,هوية المؤجر والمستأجر سارية,Both landlord and tenant IDs valid,,
ejar-rental-contract,check,2,صك ملكية العقار إلكتروني,Electronic property deed,,
ejar-rental-contract,check,3,وسيط عقاري معتمد (للعقود التجارية),Licensed real estate broker (for commercial),,
ejar-rental-contract,fee,1,عقد سكني,,125,ر.س / سنة
ejar-rental-contract,fee,2,عقد تجاري,,200,ر.س / سنة
ejar-rental-contract,step,1,يدخل المؤجر أو الوسيط إلى منصة إيجار,Landlord or broker logs in to Ejar,,
ejar-rental-contract,step,2,"اختر ""إنشاء عقد جديد"" وحدد نوعه (سكني/تجاري)",Select Create New Contract and choose type,,
ejar-rental-contract,step,3,أدخل بيانات العقار والمستأجر ومدة العقد والقيمة,"Enter property, tenant, duration, and rent details",,
ejar-rental-contract,step,4,المستأجر يتلقى إشعاراً للموافقة عبر أبشر أو نفاذ,Tenant receives approval notification via Absher/Nafath,,
ejar-rental-contract,step,5,بعد موافقة الطرفين وسداد الرسوم، يُوثق العقد,"After both approve and fees are paid, contract is authenticated",,
ejar-rental-contract,trouble,1,المستأجر لم يوافق على العقد,الطلب صالح لمدة 7 أيام. ذكّر المستأجر بالموافقة عبر أبشر. بعد انتهاء المهلة يجب إعادة الإنشاء.,,
ejar-rental-contract,trouble,2,هل يمكن تعديل العقد بعد التوثيق؟,نعم، يمكن إنشاء ملحق عقد لتعديل القيمة أو المدة عبر إيجار.,,
ejar-rental-contract,trouble,3,ماذا لو كان العقار بدون صك إلكتروني؟,يجب تحويل الصك الورقي إلى إلكتروني عبر بوابة ناجز أولاً.,,
exit-reentry-visa,check,1,هوية المقيم (الإقامة) سارية المفعول,Valid Iqama (resident ID),,
exit-reentry-visa,check,2,جواز السفر ساري لمدة لا تقل عن 6 أشهر,Passport valid for at least 6 months,,
exit-reentry-visa,check,3,عدم وجود مخالفات مرورية أو بلاغات,No traffic violations or reports,,
exit-reentry-visa,check,4,تأمين طبي ساري المفعول,Active medical insurance,,
exit-reentry-visa,fee,1,مفردة (سفرة واحدة),,200,ر.س
exit-reentry-visa,fee,2,متعددة (عدة سفرات),,500,ر.س
exit-reentry-visa,step,1,سجّل الدخول إلى منصة أبشر أفراد,Log in to Absher Individuals,,
exit-reentry-visa,step,2,"اختر ""خدماتي"" ثم ""الجوازات""",Go to My Services → Passports,,
exit-reentry-visa,step,3,"اختر ""تأشيرات"" ثم ""إصدار تأشيرة خروج وعودة""",Select Visas → Issue Exit/Re-entry Visa,,
exit-reentry-visa,step,4,اختر المقيم واختر نوع التأشيرة (مفردة أو متعددة),Select resident and visa type (single or multiple),,
exit-reentry-visa,step,5,حدد مدة التأشيرة وتاريخ المغادرة المتوقع,Set visa duration and expected departure date,,
exit-reentry-visa,step,6,"راجع البيانات واضغط ""تأكيد""",Review and confirm,,
exit-reentry-visa,trouble,1,"ظهرت رسالة ""لا يمكن إصدار التأشيرة""",تأكد من سريان الإقامة وعدم وجود مخالفات أو بلاغ تغيب مسجل على المقيم.,,
exit-reentry-visa,trouble,2,هل يمكن تمديد التأشيرة بعد السفر؟,نعم، يمكن تمديدها عبر أبشر قبل انتهاء صلاحيتها، بشرط أن يكون المقيم خارج المملكة.,,
exit-reentry-visa,trouble,3,ماذا يحدث إذا لم يعد المقيم خلال المدة؟,تنتهي صلاحية الإقامة وقد يتعرض لمنع من الدخول. يجب إصدار تأشيرة عودة من السفارة.,,
family-visit-visa,check,1,إقامة أو هوية وطنية سارية,Valid Iqama or national ID,,
family-visit-visa,check,2,جواز سفر الزائر ساري لمدة 6 أشهر,Visitor passport valid for 6 months,,
family-visit-visa,check,3,راتب لا يقل عن الحد المطلوب حسب الجنسية,Salary meets minimum requirement by nationality,,
family-visit-visa,check,4,تأمين طبي للزائر,Medical insurance for the visitor,,
family-visit-visa,fee,1,تأشيرة مفردة (90 يوم),,300,ر.س
family-visit-visa,fee,2,تأشيرة متعددة (سنة),,500,ر.س
family-visit-visa,step,1,ادخل إلى منصة التأشيرات الإلكترونية في وزارة الخارجية,Go to MOFA e-Visa platform,,
family-visit-visa,step,2,سجّل الدخول عبر النفاذ الوطني,Log in via National SSO,,
family-visit-visa,step,3,"اختر ""تأشيرة زيارة عائلية"" وأدخل بيانات الزائر",Select Family Visit Visa and enter visitor details,,
family-visit-visa,step,4,حدد نوع التأشيرة (مفردة أو متعددة) والمدة,Choose visa type and duration,,
family-visit-visa,step,5,ارفع المستندات المطلوبة (جواز، صورة، إثبات قرابة),"Upload required documents (passport, photo, kinship proof)",,
family-visit-visa,step,6,سدّد الرسوم وانتظر الموافقة (3-7 أيام عمل),Pay fees and wait for approval (3-7 business days),,
family-visit-visa,trouble,1,تم رفض الطلب — ماذا أفعل؟,الأسباب الشائعة: راتب أقل من الحد، جواز منتهي، أو طلب مقدم لنفس الشخص مسبقاً. صحّح السبب وأعد التقديم.,,
family-visit-visa,trouble,2,هل يمكن تمديد الزيارة العائلية؟,نعم، يمكن تمديدها عبر أبشر أو منصة مقيم قبل انتهاء صلاحيتها.,,
family-visit-visa,trouble,3,ما الفرق بين زيارة عائلية وزيارة شخصية؟,العائلية تشمل الأقارب من الدرجة الأولى والثانية. الشخصية تشمل الأصدقاء وغير الأقارب.,,
final-exit-visa,check,1,هوية المقيم سارية المفعول,Valid Iqama,,
final-exit-visa,check,2,لا توجد التزامات مالية على العامل (حقوق عمالية),No outstanding labor dues,,
final-exit-visa,check,3,لا يوجد حظر سفر أو قضايا قائمة,No travel ban or pending cases,,
final-exit-visa,check,4,سداد جميع المخالفات المرورية,All traffic fines paid,,
final-exit-visa,fee,1,رسوم التأشيرة,,0,مجانية
final-exit-visa,step,1,سجّل الدخول إلى أبشر أعمال,Log in to Absher Business,,
final-exit-visa,step,2,"اختر ""خدمات أعمالي"" ثم ""الجوازات""",Go to My Business Services → Passports,,
final-exit-visa,step,3,"اختر ""تأشيرات"" ثم ""إصدار تأشيرة خروج نهائي""",Select Visas → Issue Final Exit Visa,,
final-exit-visa,step,4,اختر العامل من قائمة المكفولين,Select the worker from your sponsored list,,
final-exit-visa,step,5,"أكّد البيانات واضغط ""إصدار""",Confirm details and issue,,
final-exit-visa,step,6,العامل لديه 60 يوماً للمغادرة من تاريخ الإصدار,Worker has 60 days to depart from issue date,,
final-exit-visa,trouble,1,العامل لا يريد المغادرة — هل يمكن إلغاء التأشيرة؟,نعم، يمكن إلغاء تأشيرة الخروج النهائي عبر أبشر قبل مغادرة العامل للمملكة.,,
final-exit-visa,trouble,2,هل يمكن للعامل إصدارها بنفسه؟,نعم، يمكن للعامل إصدار تأشيرة خروج نهائي بنفسه عبر أبشر أفراد إذا انتهى عقد العمل.,,
final-exit-visa,trouble,3,ماذا لو لم يغادر العامل خلال 60 يوماً؟,تنتهي صلاحية التأشيرة ويجب إصدار واحدة جديدة، وقد تُفرض غرامات على التأخير.,,
gosi-certificate,check,1,حساب في التأمينات أون لاين أو تطبيق تأميناتي,Account on GOSI Online or Taminaty app,,
gosi-certificate,check,2,اشتراك ساري أو سابق في التأمينات,Active or past GOSI subscription,,
gosi-certificate,fee,1,الإصدار,,0,مجاني
gosi-certificate,step,1,ادخل إلى بوابة التأمينات أون لاين أو تطبيق تأميناتي,Go to GOSI Online or Taminaty app,,
gosi-certificate,step,2,سجّل الدخول عبر النفاذ الوطني,Log in via National SSO,,
gosi-certificate,step,3,"اختر ""الشهادات"" ثم ""إصدار شهادة اشتراك""",Select Certificates → Issue Subscription Certificate,,
gosi-certificate,step,4,الشهادة تصدر فوراً ويمكن تحميلها كـ PDF,Certificate issues instantly and can be downloaded as PDF,,
gosi-certificate,trouble,1,الشهادة تظهر بيانات قديمة,إذا غيّرت وظيفتك مؤخراً، قد تحتاج 2-4 أسابيع حتى تُحدث البيانات. تواصل مع صاحب العمل الجديد لتأكيد التسجيل.,,
gosi-certificate,trouble,2,لماذا أحتاج هذه الشهادة؟,مطلوبة عند: التقديم على قرض بنكي، إثبات الخبرة، التقديم على وظيفة حكومية، أو إجراءات التقاعد.,,
gosi-register-employee,check,1,المنشأة مسجلة في التأمينات الاجتماعية,Establishment registered in GOSI,,
gosi-register-employee,check,2,رقم هوية أو إقامة الموظف الجديد,New employee's national ID or Iqama number,,
gosi-register-employee,check,3,بيانات العقد (تاريخ البدء، الراتب، المسمى الوظيفي),"Contract details (start date, salary, job title)",,
gosi-register-employee,check,4,عقد العمل موثق في منصة قوى,Employment contract authenticated in Qiwa,,
gosi-register-employee,fee,1,اشتراك سعودي,,21.5,% من الراتب شهرياً
gosi-register-employee,fee,2,اشتراك وافد,,2,% أخطار مهنية فقط
gosi-register-employee,step,1,سجّل الدخول إلى بوابة أعمال في التأمينات الاجتماعية,Log in to GOSI Amaal portal,,
gosi-register-employee,step,2,"اختر ""إدارة المشتركين"" ثم ""تسجيل مشترك جديد""",Go to Subscriber Management → Register New Subscriber,,
gosi-register-employee,step,3,أدخل رقم الهوية أو الإقامة — ستظهر بيانات الموظف تلقائياً,Enter ID/Iqama number — employee data auto-populates,,
gosi-register-employee,step,4,أكمل بيانات العقد: الراتب، المسمى، تاريخ الالتحاق,"Complete contract details: salary, title, joining date",,
gosi-register-employee,step,5,راجع وأكّد — التسجيل يُفعّل من تاريخ الالتحاق,Review and confirm — registration activates from joining date,,
gosi-register-employee,trouble,1,الموظف مسجل في منشأة أخرى,يجب أن تُلغي المنشأة السابقة اشتراكه أولاً، أو يتم النقل تلقائياً عبر قوى عند نقل الخدمات.,,
gosi-register-employee,trouble,2,ما نسبة الاشتراك للموظف السعودي؟,المجموع 21.5%: يدفع صاحب العمل 11.75% والموظف 9.75% (تُخصم من راتبه).,,
gosi-register-employee,trouble,3,هل يمكن التسجيل بأثر رجعي؟,نعم، لكن قد تُفرض غرامات على التأخير حسب عدد الأشهر.,,
gosi-retirement-subscription,check,1,حساب في التأمينات أون لاين أو تطبيق تأميناتي,Account on GOSI Online or Taminaty app,,
gosi-retirement-subscription,check,2,رقم هوية أو إقامة ساري,Valid national ID or Iqama,,
gosi-retirement-subscription,fee,1,الاستعلام,,0,مجاني
gosi-retirement-subscription,step,1,ادخل إلى بوابة التأمينات أون لاين أو تطبيق تأميناتي,Go to GOSI Online or Taminaty app,,
gosi-retirement-subscription,step,2,سجّل الدخول عبر النفاذ الوطني,Log in via National SSO (Nafath),,
gosi-retirement-subscription,step,3,"اختر ""معلومات الاشتراك"" من القائمة",Select Subscription Info from menu,,
gosi-retirement-subscription,step,4,ستظهر مدة الاشتراك، الراتب المسجل، وجهات العمل السابقة,"View subscription period, registered salary, and employment history",,
gosi-retirement-subscription,trouble,1,الراتب المسجل أقل من راتبي الفعلي,تقدّم بشكوى عبر التأمينات ضد صاحب العمل. يمكنك أيضاً رفع بلاغ في منصة قوى.,,
gosi-retirement-subscription,trouble,2,جهة عمل سابقة لم تسجّلني,يمكنك تقديم طلب ضم مدة اشتراك سابقة عبر التأمينات مع إثبات العلاقة العمالية.,,
hajj-umrah-permit,check,1,هوية وطنية أو إقامة سارية,Valid national ID or Iqama,,
hajj-umrah-permit,check,2,تطعيمات محدّثة (حسب الاشتراطات الصحية),Updated vaccinations (per health requirements),,
hajj-umrah-permit,check,3,تطبيق نسك أو توكلنا,Nusuk or Tawakkalna app,,
hajj-umrah-permit,fee,1,تصريح العمرة,,0,مجاني للمقيمين والمواطنين
hajj-umrah-permit,step,1,حمّل تطبيق نسك أو ادخل الموقع,Download Nusuk app or visit website,,
hajj-umrah-permit,step,2,سجّل الدخول عبر النفاذ الوطني,Log in via National SSO,,
hajj-umrah-permit,step,3,"اختر ""إصدار تصريح عمرة"" أو ""التسجيل للحج""",Select Issue Umrah Permit or Register for Hajj,,
hajj-umrah-permit,step,4,حدد التاريخ والوقت المناسب,Choose preferred date and time,,
hajj-umrah-permit,step,5,التصريح يصدر إلكترونياً ويظهر في توكلنا,Permit issues digitally and appears in Tawakkalna,,
hajj-umrah-permit,trouble,1,لا تظهر مواعيد متاحة,المواعيد تُحدث دورياً. حاول في أوقات مختلفة أو اختر تاريخاً أبعد.,,
hajj-umrah-permit,trouble,2,هل أحتاج تصريح للعمرة من داخل مكة؟,عادة لا يُطلب تصريح لسكان مكة لأداء العمرة، لكن قد تتغير الاشتراطات في مواسم الذروة.,,
issue-birth-certificate,check,1,تقرير ولادة من المستشفى,Birth report from hospital,,
issue-birth-certificate,check,2,هوية الأب والأم سارية,Both parents' IDs valid,,
issue-birth-certificate,check,3,عقد زواج موثق,Authenticated marriage contract,,
issue-birth-certificate,fee,1,التسجيل,,0,مجاني
issue-birth-certificate,step,1,سجّل الدخول إلى أبشر أفراد,Log in to Absher Individuals,,
issue-birth-certificate,step,2,"اختر ""خدماتي"" ثم ""الأحوال المدنية"" ثم ""تسجيل مولود""",Go to My Services → Civil Affairs → Register Newborn,,
issue-birth-certificate,step,3,أدخل بيانات المولود (الاسم، التاريخ، مكان الولادة),"Enter newborn details (name, date, place of birth)",,
issue-birth-certificate,step,4,راجع البيانات واضغط تأكيد,Review and confirm,,
issue-birth-certificate,step,5,شهادة الميلاد تصدر إلكترونياً,Birth certificate issues digitally,,
issue-birth-certificate,trouble,1,تجاوزت مهلة الـ 15 يوماً,يجب مراجعة مكتب الأحوال المدنية شخصياً مع جميع المستندات.,,
issue-birth-certificate,trouble,2,هل يمكن تسجيل مولود لأم غير سعودية؟,نعم، إذا كان الأب سعودياً يُسجل المولود سعودياً تلقائياً.,,
issue-commercial-registration,check,1,الهوية الوطنية سارية المفعول,Valid national ID,,
issue-commercial-registration,check,2,العمر 18 سنة فأكثر,Age 18 or above,,
issue-commercial-registration,check,3,عدم العمل في القطاع الحكومي (للسجل الرئيسي),Not employed in government sector (for main CR),,
issue-commercial-registration,check,4,وجود عنوان وطني مسجل في سبل,Registered national address in Subol,,
issue-commercial-registration,fee,1,سجل رئيسي,,200,ر.س / سنة
issue-commercial-registration,fee,2,سجل فرعي,,100,ر.س / سنة
issue-commercial-registration,fee,3,الغرفة التجارية,,300,ر.س / سنة تقريباً
issue-commercial-registration,step,1,ادخل إلى موقع المركز السعودي للأعمال وسجّل الدخول عبر النفاذ الوطني,Go to business.sa and log in via National SSO,,
issue-commercial-registration,step,2,"اختر ""إصدار سجل تجاري"" من القائمة",Select Issue Commercial Registration,,
issue-commercial-registration,step,3,حدد نوع السجل (رئيسي أو فرعي) واختر النشاط التجاري,Choose main or branch CR and select business activity,,
issue-commercial-registration,step,4,أدخل الاسم التجاري (سيتم التحقق من توفره تلقائياً),Enter trade name (availability checked automatically),,
issue-commercial-registration,step,5,حدد رأس المال ومدة السجل (1-5 سنوات),Set capital and CR duration (1-5 years),,
issue-commercial-registration,step,6,راجع الملخص وسدّد الرسوم عبر سداد,Review summary and pay via Sadad,,
issue-commercial-registration,step,7,السجل يصدر فورياً بعد السداد — يمكنك طباعته إلكترونياً,CR issues instantly after payment — print digitally,,
issue-commercial-registration,trouble,1,الاسم التجاري الذي أريده غير متاح,جرّب إضافة كلمة مميزة أو تعديل الصياغة. لا يمكن تكرار الأسماء التجارية المسجلة.,,
issue-commercial-registration,trouble,2,هل يمكن لموظف حكومي إصدار سجل تجاري؟,لا يمكن إصدار سجل رئيسي، لكن يمكن أن يكون شريكاً في سجل فرعي بنسبة لا تتجاوز حداً معيناً.,,
issue-commercial-registration,trouble,3,ما الفرق بين السجل الرئيسي والفرعي؟,الرئيسي هو السجل الأساسي للمنشأة. الفرعي يُصدر لفرع في مدينة أخرى أو لنشاط إضافي تحت نفس المنشأة.,,
issue-family-card,check,1,هوية وطنية سارية لرب الأسرة,Valid national ID for head of household,,
issue-family-card,check,2,عقد زواج موثق,Authenticated marriage contract,,
issue-family-card,check,3,تسجيل جميع أفراد الأسرة في الأحوال المدنية,All family members registered in Civil Affairs,,
issue-family-card,fee,1,الإصدار,,0,مجاني
issue-family-card,step,1,سجّل الدخول إلى أبشر أفراد,Log in to Absher Individuals,,
issue-family-card,step,2,"اختر ""خدماتي"" ثم ""الأحوال المدنية""",Go to My Services → Civil Affairs,,
issue-family-card,step,3,"اختر ""إصدار بطاقة عائلة"" أو ""تحديث بطاقة عائلة""",Select Issue Family Card or Update Family Card,,
issue-family-card,step,4,راجع بيانات أفراد الأسرة وأكّد,Review family members' data and confirm,,
issue-family-card,step,5,البطاقة تصدر إلكترونياً ويمكن طباعتها,Card issues digitally and can be printed,,
issue-family-card,trouble,1,أحد الأبناء لا يظهر في البطاقة,تأكد من تسجيله في الأحوال المدنية. إذا كان مولوداً حديثاً، سجّله أولاً عبر أبشر ثم حدّث البطاقة.,,
issue-family-card,trouble,2,هل بطاقة العائلة الإلكترونية معتمدة؟,نعم، البطاقة الإلكترونية في أبشر وتوكلنا معتمدة رسمياً.,,
issue-family-card,trouble,3,كيف أضيف زوجة ثانية؟,بعد توثيق عقد الزواج الثاني عبر ناجز، حدّث بطاقة العائلة لتشمل الزوجة الجديدة وأبناءها.,,
issue-municipal-license,check,1,سجل تجاري ساري المفعول,Valid commercial registration,,
issue-municipal-license,check,2,عقد إيجار إلكتروني موثق في إيجار,Authenticated e-lease in Ejar platform,,
issue-municipal-license,check,3,رخصة الدفاع المدني (إذا كان النشاط يتطلبها),Civil defense permit (if required for activity),,
issue-municipal-license,check,4,شهادة السلامة (إذا لزم),Safety certificate (if applicable),,
issue-municipal-license,fee,1,الرخصة البلدية,,500,"ر.س - 3,000 ر.س حسب النشاط"
issue-municipal-license,step,1,ادخل إلى منصة بلدي وسجّل الدخول عبر النفاذ الوطني,Go to Balady and log in via National SSO,,
issue-municipal-license,step,2,"اختر ""إصدار رخصة"" وحدد نوع النشاط",Select Issue License and choose activity type,,
issue-municipal-license,step,3,أدخل بيانات الموقع ورقم عقد الإيجار,Enter location details and lease contract number,,
issue-municipal-license,step,4,ارفع المستندات المطلوبة,Upload required documents,,
issue-municipal-license,step,5,سدّد الرسوم وانتظر المراجعة (1-5 أيام عمل),Pay and wait for review (1-5 business days),,
issue-municipal-license,trouble,1,طلبي معلق منذ أيام,تابع حالة الطلب عبر بلدي. قد يحتاج لتعديل معلومات أو مستندات إضافية.,,
issue-municipal-license,trouble,2,هل أحتاج رخصة بلدية لمتجر إلكتروني؟,لا، المتاجر الإلكترونية بدون موقع فعلي تحتاج فقط لسجل تجاري وتوثيق في معروف.,,
jadarat-job-search,check,1,هوية وطنية سارية (للسعوديين),Valid national ID (for Saudis),,
jadarat-job-search,check,2,بيانات محدّثة في أبشر,Updated data in Absher,,
jadarat-job-search,fee,1,التسجيل والبحث,,0,مجاني
jadarat-job-search,step,1,ادخل إلى منصة جدارات وسجّل عبر النفاذ الوطني,Go to Jadarat and register via National SSO,,
jadarat-job-search,step,2,أكمل ملفك الشخصي (المؤهلات، الخبرات، المهارات),"Complete your profile (qualifications, experience, skills)",,
jadarat-job-search,step,3,ابحث عن الوظائف حسب المجال والمنطقة,Search for jobs by field and region,,
jadarat-job-search,step,4,قدّم على الوظائف المناسبة,Apply to suitable positions,,
jadarat-job-search,step,5,تابع حالة طلباتك عبر لوحة التحكم,Track your applications via dashboard,,
jadarat-job-search,trouble,1,ما الفرق بين جدارات وطاقات وجدارة؟,جدارات هي المنصة الموحدة الجديدة التي دمجت خدمات طاقات (القطاع الخاص) وجدارة (القطاع الحكومي) في منصة واحدة.,,
jadarat-job-search,trouble,2,هل يمكن لغير السعوديين استخدام جدارات؟,المنصة مخصصة بشكل أساسي للمواطنين السعوديين الباحثين عن عمل.,,
labor-complaint-qiwa,check,1,عقد عمل ساري (موثق أو غير موثق),Active employment contract (authenticated or not),,
labor-complaint-qiwa,check,2,إقامة أو هوية سارية,Valid Iqama or national ID,,
labor-complaint-qiwa,check,3,أدلة تدعم الشكوى (كشف حساب، رسائل، عقد),"Evidence supporting complaint (bank statement, messages, contract)",,
labor-complaint-qiwa,fee,1,تقديم الشكوى,,0,مجاني
labor-complaint-qiwa,step,1,ادخل إلى منصة قوى وسجّل الدخول عبر النفاذ الوطني,Go to Qiwa and log in via National SSO,,
labor-complaint-qiwa,step,2,"اختر ""الخدمات"" ثم ""تقديم شكوى عمالية""",Select Services → File Labor Complaint,,
labor-complaint-qiwa,step,3,اختر نوع الشكوى (تأخر رواتب، إنهاء تعسفي، إلخ),"Choose complaint type (late salary, wrongful termination, etc.)",,
labor-complaint-qiwa,step,4,أدخل تفاصيل الشكوى وارفع المستندات الداعمة,Enter complaint details and upload supporting documents,,
labor-complaint-qiwa,step,5,أرسل الشكوى — ستُحال أولاً للتسوية الودية (21 يوماً),Submit — complaint goes to amicable settlement first (21 days),,
labor-complaint-qiwa,step,6,إذا لم تُحل، تُحال تلقائياً للمحكمة العمالية,"If not resolved, automatically referred to labor court",,
labor-complaint-qiwa,trouble,1,صاحب العمل لم يدفع راتبي منذ 3 أشهر,هذا يعطيك حق نقل خدماتك دون موافقته وفق نظام حماية الأجور. قدّم الشكوى مع كشف حساب بنكي كإثبات.,,
labor-complaint-qiwa,trouble,2,هل يمكن تقديم الشكوى وأنا خارج المملكة؟,نعم، يمكنك التقديم عبر قوى إلكترونياً. لكن حضور جلسات التسوية قد يكون مطلوباً.,,
labor-complaint-qiwa,trouble,3,كم تستغرق العملية كاملة؟,التسوية الودية 21 يوماً. إذا أُحيلت للمحكمة، تأخذ 2-6 أشهر حسب تعقيد القضية.,,
labor-complaint-qiwa,trouble,4,هل أحتاج محامي؟,ليس إلزامياً في مرحلة التسوية الودية. لكن يُنصح به إذا أُحيلت للمحكمة العمالية.,,
marriage-contract-najiz,check,1,هوية الزوج والزوجة سارية,Both spouses' IDs valid,,
marriage-contract-najiz,check,2,موافقة ولي أمر الزوجة (إذا لزم),Guardian approval (if required),,
marriage-contract-najiz,check,3,شهادة فحص ما قبل الزواج,Premarital screening certificate,,
marriage-contract-najiz,check,4,حضور شاهدين,Two witnesses present,,
marriage-contract-najiz,fee,1,التوثيق,,0,مجاني
marriage-contract-najiz,step,1,ادخل إلى بوابة ناجز وسجّل الدخول عبر النفاذ الوطني,Go to Najiz and log in via National SSO,,
marriage-contract-najiz,step,2,"اختر ""الخدمات الإنهائية"" ثم ""توثيق عقد زواج""",Select Notarial Services → Marriage Contract,,
marriage-contract-najiz,step,3,أدخل بيانات الزوج والزوجة والشهود,Enter details of both spouses and witnesses,,
marriage-contract-najiz,step,4,ارفع شهادة الفحص الطبي,Upload premarital screening certificate,,
marriage-contract-najiz,step,5,جميع الأطراف يوافقون إلكترونياً عبر نفاذ,All parties approve electronically via Nafath,,
marriage-contract-najiz,step,6,العقد يصدر موثقاً إلكترونياً,Contract issues as authenticated digital document,,
marriage-contract-najiz,trouble,1,هل يمكن توثيق زواج سعودي من أجنبية؟,يحتاج لتصريح مسبق من وزارة الداخلية. بعد الحصول على التصريح يُوثق عبر ناجز.,,
marriage-contract-najiz,trouble,2,أين أجد شهادة الفحص الطبي؟,تُجرى الفحوصات في مراكز الرعاية الصحية الأولية. النتيجة ترتبط إلكترونياً.,,
musaned-domestic-worker-visa,check,1,هوية وطنية أو إقامة سارية,Valid national ID or Iqama,,
musaned-domestic-worker-visa,check,2,عنوان وطني مسجل,Registered national address,,
musaned-domestic-worker-visa,check,3,عدم وجود مخالفات عمالية سابقة,No previous labor violations,,
musaned-domestic-worker-visa,check,4,القدرة المالية على تحمل تكاليف الاستقدام,Financial ability to cover recruitment costs,,
musaned-domestic-worker-visa,fee,1,تأشيرة الاستقدام,,2000,ر.س تقريباً
musaned-domestic-worker-visa,fee,2,تكاليف الاستقدام (مكتب),,15000,"ر.س - 30,000 ر.س"
musaned-domestic-worker-visa,step,1,سجّل الدخول إلى منصة مساند,Log in to Musaned platform,,
musaned-domestic-worker-visa,step,2,"اختر ""طلب استقدام جديد""",Select New Recruitment Request,,
musaned-domestic-worker-visa,step,3,حدد الجنسية والمهنة والجنس المطلوب,"Select nationality, profession, and gender",,
musaned-domestic-worker-visa,step,4,اختر مكتب استقدام معتمد من القائمة,Choose an approved recruitment agency,,
musaned-domestic-worker-visa,step,5,وقّع العقد إلكترونياً وسدّد الدفعة الأولى,Sign contract electronically and make first payment,,
musaned-domestic-worker-visa,step,6,تابع حالة الطلب عبر مساند حتى وصول العامل,Track request status until worker arrives,,
musaned-domestic-worker-visa,trouble,1,كم يستغرق وصول العامل؟,يختلف حسب الجنسية: 1-3 أشهر للفلبين وإندونيسيا، وقد يكون أقل لجنسيات أخرى.,,
musaned-domestic-worker-visa,trouble,2,ماذا لو لم يعجبني العامل؟,يوجد فترة تجربة (90 يوماً). يمكنك إعادة العامل عبر مساند واسترداد جزء من المبلغ حسب سياسة المكتب.,,
musaned-domestic-worker-visa,trouble,3,هل يمكن نقل عمالة منزلية بدلاً من الاستقدام؟,نعم، يمكن نقل خدمات عمالة منزلية من كفيل آخر عبر منصة مساند.,,
musaned-transfer-domestic-worker,check,1,إقامة العامل سارية,Worker's Iqama is valid,,
musaned-transfer-domestic-worker,check,2,لا يوجد بلاغ تغيب مسجل على العامل,No absconding report on worker,,
musaned-transfer-domestic-worker,check,3,موافقة الكفيل الحالي,Current sponsor's approval,,
musaned-transfer-domestic-worker,fee,1,رسوم نقل الخدمات,,2000,ر.س
musaned-transfer-domestic-worker,step,1,يسجّل الكفيل الجديد الدخول إلى منصة مساند,New sponsor logs in to Musaned,,
musaned-transfer-domestic-worker,step,2,"اختر ""نقل خدمات عمالة منزلية""",Select Transfer Domestic Worker,,
musaned-transfer-domestic-worker,step,3,أدخل رقم إقامة العامل,Enter worker's Iqama number,,
musaned-transfer-domestic-worker,step,4,الكفيل الحالي يوافق إلكترونياً,Current sponsor approves electronically,,
musaned-transfer-domestic-worker,step,5,سدّد رسوم النقل,Pay transfer fees,,
musaned-transfer-domestic-worker,step,6,يتم النقل خلال أيام عمل قليلة,Transfer completes within a few business days,,
musaned-transfer-domestic-worker,trouble,1,الكفيل الحالي يرفض النقل,في بعض الحالات يمكن النقل دون موافقته (مثل عدم دفع الراتب أو سوء المعاملة). قدّم شكوى عبر مساند.,,
musaned-transfer-domestic-worker,trouble,2,هل يمكن نقل عمالة منزلية عبر قوى؟,لا، نقل العمالة المنزلية حصرياً عبر منصة مساند وليس قوى.,,
nafath-setup,check,1,هوية وطنية أو إقامة سارية,Valid national ID or Iqama,,
nafath-setup,check,2,رقم جوال سعودي مسجل في أبشر,Saudi mobile number registered in Absher,,
nafath-setup,check,3,هاتف ذكي (iOS أو Android),Smartphone (iOS or Android),,
nafath-setup,fee,1,التفعيل,,0,مجاني
nafath-setup,step,1,حمّل تطبيق نفاذ من App Store أو Google Play,Download Nafath app from App Store or Google Play,,
nafath-setup,step,2,"افتح التطبيق واختر ""تسجيل جديد""",Open app and select New Registration,,
nafath-setup,step,3,أدخل رقم الهوية أو الإقامة,Enter national ID or Iqama number,,
nafath-setup,step,4,أدخل رمز التحقق المرسل لجوالك المسجل في أبشر,Enter OTP sent to your Absher-registered mobile,,
nafath-setup,step,5,أنشئ رقم سري للتطبيق (PIN),Create app PIN,,
nafath-setup,step,6,فعّل البصمة أو التعرف على الوجه (اختياري),Enable fingerprint or Face ID (optional),,
nafath-setup,trouble,1,لم يصلني رمز التحقق,تأكد أن رقم جوالك المسجل في أبشر هو نفسه الذي تستخدمه. إذا كان مختلفاً، حدّث الرقم في أبشر أولاً.,,
nafath-setup,trouble,2,كيف أستخدم نفاذ لتسجيل الدخول؟,"عند تسجيل الدخول لأي منصة حكومية، اختر ""الدخول عبر النفاذ الوطني"" → يصلك إشعار في تطبيق نفاذ → اضغط ""قبول"".",,
nafath-setup,trouble,3,غيّرت جوالي — كيف أنقل نفاذ؟,حمّل التطبيق على الجوال الجديد وأعد التسجيل. سيتم ربطه بالجهاز الجديد تلقائياً.,,
pay-traffic-fines,check,1,وجود حساب مفعّل في أبشر,Active Absher account,,
pay-traffic-fines,check,2,حساب بنكي مربوط بسداد,Bank account linked to Sadad,,
pay-traffic-fines,fee,1,رسوم الخدمة,,0,مجانية
pay-traffic-fines,step,1,سجّل الدخول إلى أبشر أفراد,Log in to Absher Individuals,,
pay-traffic-fines,step,2,"اختر ""خدماتي"" ثم ""خدمات المرور""",Go to My Services → Traffic Services,,
pay-traffic-fines,step,3,"اختر ""الاستعلام عن المخالفات المرورية""",Select Check Traffic Violations,,
pay-traffic-fines,step,4,ستظهر قائمة بجميع المخالفات مع التفاصيل (المبلغ، التاريخ، الموقع),"All violations listed with details (amount, date, location)",,
pay-traffic-fines,step,5,"اختر المخالفات المراد سدادها واضغط ""سداد""",Select violations to pay and click Pay,,
pay-traffic-fines,step,6,أكمل السداد عبر سداد أو عبر تطبيق البنك مباشرة,Complete payment via Sadad or banking app,,
pay-traffic-fines,trouble,1,مخالفة مسجلة على مركبتي لكنني لم أكن السائق,يمكنك تقديم اعتراض عبر منصة أبشر أو تطبيق المرور (كلنا أمن). يجب تقديم الاعتراض خلال 30 يوماً من تاريخ المخالفة.,,
pay-traffic-fines,trouble,2,هل هناك خصم على السداد المبكر؟,نعم، بعض المخالفات عليها خصم 25% عند السداد خلال 30 يوماً من تاريخ تسجيلها.,,
pay-traffic-fines,trouble,3,المخالفات لا تظهر في أبشر,قد تحتاج 48-72 ساعة لتظهر بعد التسجيل. يمكنك أيضاً الاستعلام عبر تطبيق المرور أو منصة إيفاء.,,
power-of-attorney-najiz,check,1,هوية وطنية سارية للموكّل والوكيل,Valid national IDs for both principal and agent,,
power-of-attorney-najiz,check,2,كلا الطرفين لديهما حساب في أبشر ونفاذ,Both parties have Absher and Nafath accounts,,
power-of-attorney-najiz,fee,1,الإصدار,,0,مجاني
power-of-attorney-najiz,step,1,ادخل إلى بوابة ناجز وسجّل الدخول عبر النفاذ الوطني,Go to Najiz and log in via National SSO,,
power-of-attorney-najiz,step,2,"اختر ""الخدمات الإنهائية"" ثم ""إصدار وكالة""",Select Notarial Services → Issue Power of Attorney,,
power-of-attorney-najiz,step,3,حدد نوع الوكالة (عامة أو خاصة) والصلاحيات,Choose type (general or specific) and authorities,,
power-of-attorney-najiz,step,4,أدخل بيانات الوكيل (رقم الهوية),Enter agent's ID number,,
power-of-attorney-najiz,step,5,الوكيل يقبل إلكترونياً عبر نفاذ,Agent accepts electronically via Nafath,,
power-of-attorney-najiz,step,6,الوكالة تصدر موثقة إلكترونياً,Power of attorney issues as authenticated digital document,,
power-of-attorney-najiz,trouble,1,هل يمكن إلغاء الوكالة لاحقاً؟,نعم، يمكن إلغاؤها في أي وقت عبر ناجز.,,
power-of-attorney-najiz,trouble,2,هل يمكن إصدار وكالة لشخص خارج المملكة؟,يجب أن يقبل الوكيل إلكترونياً. إذا كان خارج المملكة، يمكنه القبول عبر تطبيق نفاذ.,,
power-of-attorney-najiz,trouble,3,ما الفرق بين الوكالة العامة والخاصة؟,العامة تمنح صلاحيات واسعة. الخاصة تقتصر على مهام محددة (مثل بيع عقار معين).,,
property-deed-transfer-najiz,check,1,صك ملكية إلكتروني باسم البائع,Electronic property deed in seller's name,,
property-deed-transfer-najiz,check,2,هوية البائع والمشتري سارية,Both parties' IDs valid,,
property-deed-transfer-najiz,check,3,عدم وجود رهن أو حجز على العقار,No mortgage or hold on property,,
property-deed-transfer-najiz,check,4,سداد ضريبة التصرفات العقارية (5%),Real estate transaction tax (5%) paid,,
property-deed-transfer-najiz,fee,1,رسوم الإفراغ,,0,مجاني
property-deed-transfer-najiz,fee,2,ضريبة التصرفات العقارية,,5,% من قيمة العقار
property-deed-transfer-najiz,step,1,سدّد ضريبة التصرفات العقارية عبر موقع هيئة الزكاة,Pay real estate tax via ZATCA portal,,
property-deed-transfer-najiz,step,2,"البائع يدخل ناجز ويختار ""إفراغ عقاري""",Seller enters Najiz and selects Property Transfer,,
property-deed-transfer-najiz,step,3,يدخل بيانات المشتري ورقم الصك والمبلغ,"Enter buyer details, deed number, and amount",,
property-deed-transfer-najiz,step,4,المشتري يوافق إلكترونياً عبر نفاذ,Buyer approves via Nafath,,
property-deed-transfer-najiz,step,5,الصك الجديد يصدر باسم المشتري فوراً,New deed issues in buyer's name instantly,,
property-deed-transfer-najiz,trouble,1,الصك ورقي وليس إلكتروني,يجب تحويله إلى إلكتروني عبر ناجز أولاً (خدمة تحديث الصكوك).,,
property-deed-transfer-najiz,trouble,2,هل يمكن إفراغ عقار مرهون؟,لا، يجب فك الرهن من البنك أولاً.,,
property-deed-transfer-najiz,trouble,3,من يدفع ضريبة التصرفات العقارية؟,البائع هو المسؤول نظاماً، لكن يمكن الاتفاق على تحمّل المشتري لها.,,
register-national-address,check,1,الهوية الوطنية أو الإقامة سارية,Valid national ID or Iqama,,
register-national-address,check,2,معرفة الموقع الدقيق لسكنك على الخريطة,Know your exact location on the map,,
register-national-address,check,3,رقم جوال مسجل في أبشر,Phone number registered in Absher,,
register-national-address,fee,1,التسجيل,,0,مجاني
register-national-address,step,1,ادخل إلى موقع سبل (splonline.com.sa) أو التطبيق,Go to SPL website or app,,
register-national-address,step,2,سجّل الدخول عبر النفاذ الوطني الموحد,Log in via National SSO (Nafath),,
register-national-address,step,3,"اختر ""تسجيل عنوان جديد"" أو ""تحديث العنوان""",Select Register New Address or Update Address,,
register-national-address,step,4,حدد موقعك على الخريطة بدقة,Pin your exact location on the map,,
register-national-address,step,5,أدخل تفاصيل العنوان (رقم المبنى، الشارع، الحي),"Enter address details (building, street, district)",,
register-national-address,step,6,"اضغط ""حفظ"" — العنوان يُفعّل فوراً",Save — address activates immediately,,
register-national-address,trouble,1,الموقع على الخريطة غير دقيق,حرّك الدبوس يدوياً إلى الموقع الصحيح. يمكنك أيضاً إدخال الإحداثيات من خرائط قوقل.,,
register-national-address,trouble,2,لا يظهر خيار التسجيل,"قد يكون لديك عنوان مسجل مسبقاً. جرّب خيار ""تحديث"" بدلاً من ""تسجيل جديد"".",,
register-national-address,trouble,3,هل العنوان الوطني مطلوب للمقيمين؟,نعم، مطلوب لفتح حساب بنكي وللعديد من الخدمات الإلكترونية.,,
renew-commercial-registration,check,1,السجل التجاري الحالي لم يُشطب,Current CR not struck off,,
renew-commercial-registration,check,2,عنوان وطني محدث للمنشأة,Updated national address for establishment,,
renew-commercial-registration,check,3,اشتراك الغرفة التجارية ساري,Chamber of Commerce subscription active,,
renew-commercial-registration,fee,1,سجل رئيسي,,200,ر.س / سنة
renew-commercial-registration,fee,2,سجل فرعي,,100,ر.س / سنة
renew-commercial-registration,step,1,ادخل إلى المركز السعودي للأعمال وسجّل الدخول,Go to business.sa and log in,,
renew-commercial-registration,step,2,"اختر ""تجديد سجل تجاري"" من القائمة",Select Renew Commercial Registration,,
renew-commercial-registration,step,3,اختر السجل المراد تجديده وحدد المدة,Select CR and choose duration,,
renew-commercial-registration,step,4,راجع الرسوم وسدّد عبر سداد,Review fees and pay via Sadad,,
renew-commercial-registration,step,5,السجل يُجدد فورياً بعد السداد,CR renews instantly after payment,,
renew-commercial-registration,trouble,1,السجل انتهى منذ أكثر من 30 يوم,إذا لم يُشطب بعد، يمكن التجديد مع دفع الغرامة. إذا شُطب، يجب إصدار سجل جديد.,,
renew-commercial-registration,trouble,2,هل يمكن التجديد لأكثر من سنة؟,نعم، يمكن التجديد لمدة تصل إلى 5 سنوات.,,
renew-driving-license,check,1,الهوية الوطنية أو الإقامة سارية المفعول,Valid national ID or Iqama,,
renew-driving-license,check,2,سداد جميع المخالفات المرورية,All traffic fines paid,,
renew-driving-license,check,3,اجتياز الفحص الطبي (للمقيمين أو عند التجديد لأكثر من 10 سنوات),Medical exam passed (for residents or 10+ year renewals),,
renew-driving-license,check,4,تأمين مركبة ساري (مطلوب في بعض الحالات),Valid vehicle insurance (required in some cases),,
renew-driving-license,fee,1,تجديد 5 سنوات,,200,ر.س
renew-driving-license,fee,2,تجديد 10 سنوات,,400,ر.س
renew-driving-license,fee,3,توصيل الرخصة,,39,ر.س
renew-driving-license,step,1,سجّل الدخول إلى منصة أبشر أفراد,Log in to Absher Individuals,,
renew-driving-license,step,2,"اختر ""خدماتي"" ثم ""خدمات المرور""",Go to My Services → Traffic Services,,
renew-driving-license,step,3,"اختر ""تجديد رخصة القيادة""",Select Renew Driving License,,
renew-driving-license,step,4,اختر مدة التجديد (5 أو 10 سنوات),Choose renewal duration (5 or 10 years),,
renew-driving-license,step,5,"راجع البيانات واضغط ""تأكيد""",Review details and confirm,,
renew-driving-license,step,6,سدّد الرسوم — يمكنك طلب التوصيل أو استلام الرخصة إلكترونياً عبر توكلنا,Pay fees — request delivery or access digitally via Tawakkalna,,
renew-driving-license,trouble,1,"ظهرت رسالة ""يلزم فحص طبي""",قم بزيارة أي مستوصف أو مستشفى معتمد واطلب فحص رخصة القيادة. النتيجة ترتبط تلقائياً بأبشر.,,
renew-driving-license,trouble,2,هل يمكن التجديد والرخصة منتهية منذ سنوات؟,نعم، مع دفع غرامات التأخير. قد يُطلب فحص طبي إذا مضت فترة طويلة.,,
renew-driving-license,trouble,3,هل يمكن الحصول على رخصة رقمية بدل الطباعة؟,نعم، رخصة القيادة متاحة رقمياً عبر تطبيق توكلنا وهي معتمدة رسمياً.,,
renew-ejar-contract,check,1,عقد إيجار موثق وساري في منصة إيجار,Authenticated active Ejar contract,,
renew-ejar-contract,check,2,موافقة المؤجر والمستأجر,Both landlord and tenant consent,,
renew-ejar-contract,check,3,عدم وجود مخالفات على العقد الحالي,No violations on current contract,,
renew-ejar-contract,fee,1,تجديد عقد سكني,,125,ر.س / سنة
renew-ejar-contract,fee,2,تجديد عقد تجاري,,200,ر.س / سنة
renew-ejar-contract,step,1,يدخل المؤجر أو الوسيط إلى منصة إيجار,Landlord or broker logs in to Ejar,,
renew-ejar-contract,step,2,اختر العقد المراد تجديده من قائمة العقود,Select contract to renew from contracts list,,
renew-ejar-contract,step,3,حدد مدة التجديد والقيمة الجديدة (إن تغيرت),Set renewal duration and new rent (if changed),,
renew-ejar-contract,step,4,المستأجر يوافق إلكترونياً عبر أبشر أو نفاذ,Tenant approves electronically via Absher/Nafath,,
renew-ejar-contract,step,5,سدّد الرسوم — العقد يُجدد فورياً,Pay fees — contract renews instantly,,
renew-ejar-contract,trouble,1,المؤجر رفع الإيجار ولا أوافق,يمكنك رفض التجديد بالقيمة الجديدة. إذا لم يتم الاتفاق، يحق لكل طرف اللجوء للجنة إيجار عبر المنصة.,,
renew-ejar-contract,trouble,2,العقد انتهى ولم يُجدد — ماذا يحدث؟,"العقد يتحول لحالة ""منتهي"" في إيجار. يمكن تجديده بأثر رجعي أو إنشاء عقد جديد.",,
renew-ejar-contract,trouble,3,هل يمكن تجديد العقد بقيمة مختلفة؟,نعم، يمكن تعديل القيمة عند التجديد بموافقة الطرفين.,,
renew-health-insurance,check,1,إقامة أو هوية وطنية سارية,Valid Iqama or national ID,,
renew-health-insurance,check,2,معرفة شركة التأمين الحالية,Know your current insurance company,,
renew-health-insurance,fee,1,التأمين (يختلف حسب الفئة),,500,"ر.س - 2,000+ ر.س / سنة"
renew-health-insurance,step,1,ادخل إلى موقع مجلس الضمان الصحي للتحقق من حالة تأمينك,Go to CCHI website to check your insurance status,,
renew-health-insurance,step,2,أدخل رقم الهوية أو الإقامة,Enter national ID or Iqama number,,
renew-health-insurance,step,3,إذا كان منتهياً، تواصل مع صاحب العمل لتجديده,"If expired, contact your employer to renew",,
renew-health-insurance,step,4,صاحب العمل يجدد عبر شركة التأمين المعتمدة,Employer renews through approved insurance company,,
renew-health-insurance,step,5,تحقق من التفعيل عبر موقع الضمان بعد 24-48 ساعة,Verify activation on CCHI site after 24-48 hours,,
renew-health-insurance,trouble,1,كيف أعرف إذا تأميني ساري؟,"ادخل موقع مجلس الضمان الصحي → الاستعلام عن التأمين → أدخل رقم الهوية. أو عبر تطبيق ""صحتي"".",,
renew-health-insurance,trouble,2,صاحب العمل لا يريد تجديد التأمين,التأمين الصحي إلزامي. قدّم شكوى عبر منصة قوى أو مجلس الضمان الصحي.,,
renew-iqama,check,1,جواز السفر ساري المفعول (6 أشهر على الأقل),Passport valid for at least 6 months,,
renew-iqama,check,2,لا توجد مخالفات مرورية غير مسددة,No unpaid traffic violations,,
renew-iqama,check,3,تأمين طبي ساري ومرتبط بمجلس الضمان,Active medical insurance linked to CCHI,,
renew-iqama,check,4,رسوم التجديد مسددة عبر سداد,Renewal fees paid via Sadad,,
renew-iqama,check,5,لا يوجد بلاغ تغيب عن العمل,No absconding report filed,,
renew-iqama,fee,1,عمالة منزلية,,600,ر.س / سنة
renew-iqama,fee,2,مرافقين,,650,ر.س / سنة
renew-iqama,fee,3,التوصيل,,39,ر.س
renew-iqama,step,1,سجّل الدخول إلى منصة أبشر أفراد أو أبشر أعمال,Log in to Absher Individuals or Absher Business,,
renew-iqama,step,2,"من القائمة الرئيسية، اختر ""خدماتي"" ثم ""الجوازات""",Go to My Services → Passports,,
renew-iqama,step,3,"اختر ""خدمات هوية مقيم"" ثم ""تجديد هوية مقيم""",Select Resident ID Services → Renew Resident ID,,
renew-iqama,step,4,اختر المقيم المراد تجديد إقامته من القائمة,Select the resident from the list,,
renew-iqama,step,5,"راجع البيانات وتأكد من صحتها، ثم اضغط ""تأكيد""",Review details and confirm,,
renew-iqama,step,6,سيظهر رقم العملية — احتفظ به للمتابعة,Save the transaction number for tracking,,
renew-iqama,trouble,1,"ظهرت رسالة ""لا يمكن التجديد""","غالباً بسبب: جواز منتهي، تأمين غير ساري، أو مخالفات غير مسددة. راجع بند ""تأكد قبل البدء"" أعلاه.",,
renew-iqama,trouble,2,تم السداد لكن لم يظهر في أبشر,انتظر 24 ساعة بعد السداد عبر سداد. إذا استمرت المشكلة، تواصل مع البنك للتأكد من نجاح العملية.,,
renew-iqama,trouble,3,هل يمكن التجديد قبل انتهاء الإقامة؟,نعم، يمكن التجديد إذا كانت صلاحية الهوية أقل من 14 شهراً.,,
renew-iqama,trouble,4,ماذا لو تأخرت عن موعد التجديد؟,"يجب التجديد قبل انتهاء الصلاحية بـ 3 أيام. الغرامة 500 ر.س للمرة الأولى، 1,000 للتكرار، والإبعاد للمرة الثالثة.",,
renew-national-id,check,1,العمر 15 سنة فأكثر,Age 15 or above,,
renew-national-id,check,2,عنوان وطني مسجل ومحدث,Registered and updated national address,,
renew-national-id,check,3,سداد المخالفات المرورية,Traffic fines paid,,
renew-national-id,fee,1,رسوم التجديد,,100,ر.س
renew-national-id,fee,2,التوصيل,,39,ر.س
renew-national-id,step,1,سجّل الدخول إلى أبشر أفراد,Log in to Absher Individuals,,
renew-national-id,step,2,"اختر ""خدماتي"" ثم ""الأحوال المدنية""",Go to My Services → Civil Affairs,,
renew-national-id,step,3,"اختر ""تجديد بطاقة الهوية الوطنية""",Select Renew National ID Card,,
renew-national-id,step,4,تأكد من صحة البيانات واضغط تأكيد,Verify data and confirm,,
renew-national-id,step,5,سدّد الرسوم واختر التوصيل,Pay and choose delivery,,
renew-national-id,trouble,1,هل يمكن التجديد قبل انتهاء الهوية؟,نعم، يمكن التجديد قبل الانتهاء بـ 180 يوماً.,,
renew-national-id,trouble,2,الهوية الرقمية في توكلنا هل تغني عن البطاقة؟,الهوية الرقمية معتمدة رسمياً ولكن يُنصح بالاحتفاظ بالبطاقة الفعلية.,,
renew-saudi-passport,check,1,الهوية الوطنية سارية المفعول,Valid national ID,,
renew-saudi-passport,check,2,تسديد جميع المخالفات المرورية,All traffic fines paid,,
renew-saudi-passport,check,3,عنوان وطني مسجل ومحدث في سبل,Registered national address in Subol,,
renew-saudi-passport,check,4,صورة شخصية بخلفية بيضاء (للإصدار الجديد),White background photo (for new issuance),,
renew-saudi-passport,fee,1,إصدار / تجديد,,300,ر.س
renew-saudi-passport,fee,2,التوصيل,,39,ر.س
renew-saudi-passport,step,1,سجّل الدخول إلى أبشر أفراد,Log in to Absher Individuals,,
renew-saudi-passport,step,2,"اختر ""خدماتي"" ثم ""الجوازات"" ثم ""إصدار/تجديد جواز سفر""",Go to My Services → Passports → Issue/Renew Passport,,
renew-saudi-passport,step,3,ارفع الصورة الشخصية (بخلفية بيضاء ومقاس 4×6),"Upload photo (white background, 4×6 size)",,
renew-saudi-passport,step,4,اختر مدة الجواز وراجع البيانات,Select passport duration and review details,,
renew-saudi-passport,step,5,سدّد الرسوم واختر التوصيل أو الاستلام,Pay and choose delivery or pickup,,
renew-saudi-passport,trouble,1,الصورة مرفوضة,تأكد من أنها بخلفية بيضاء، واضحة الملامح، بدون نظارات، ومقاس 4×6 سم.,,
renew-saudi-passport,trouble,2,هل يمكن تجديد جواز طفل؟,نعم، عبر حساب ولي الأمر في أبشر. يحتاج لصورة حديثة للطفل.,,
renew-saudi-passport,trouble,3,كم يستغرق وصول الجواز؟,عادة 3-5 أيام عمل عند اختيار التوصيل.,,
renew-work-permit,check,1,المنشأة في نطاق أخضر أو أعلى (نطاقات),Establishment in green Nitaqat or above,,
renew-work-permit,check,2,لا توجد مخالفات عمالية على المنشأة,No labor violations on establishment,,
renew-work-permit,check,3,سداد المقابل المالي عبر سداد,Financial compensation paid via Sadad,,
renew-work-permit,check,4,رقم الإقامة ساري المفعول,Valid Iqama number,,
renew-work-permit,fee,1,رسوم رخصة العمل,,100,ر.س / سنة
renew-work-permit,fee,2,المقابل المالي,,400,ر.س / شهر
renew-work-permit,step,1,سجّل الدخول إلى منصة قوى,Log in to Qiwa platform,,
renew-work-permit,step,2,"اختر ""رخص العمل"" من القائمة الرئيسية",Select Work Permits from main menu,,
renew-work-permit,step,3,"اختر ""إصدار"" أو ""تجديد"" رخصة عمل",Choose Issue or Renew work permit,,
renew-work-permit,step,4,اختر العامل وحدد المدة (سنة أو أقل),Select worker and duration,,
renew-work-permit,step,5,"راجع الرسوم والمقابل المالي ثم اضغط ""تأكيد""",Review fees and confirm,,
renew-work-permit,step,6,سدّد المبلغ عبر سداد — الرخصة تصدر تلقائياً بعد السداد,Pay via Sadad — permit issues automatically after payment,,
renew-work-permit,trouble,1,"ظهرت رسالة ""المنشأة غير مؤهلة""",المنشأة في النطاق الأحمر أو عليها مخالفات. راجع لوحة نطاقات في قوى وصحّح الوضع أولاً.,,
renew-work-permit,trouble,2,ما الفرق بين رسوم رخصة العمل والمقابل المالي؟,"رخصة العمل 100 ر.س/سنة رسم حكومي. المقابل المالي 400 ر.س/شهر (4,800/سنة) يُدفع عن كل عامل وافد.",,
renew-work-permit,trouble,3,هل يمكن إصدار رخصة لأقل من سنة؟,نعم، يمكن إصدارها لمدة 3 أو 6 أشهر بحسب الحاجة، مع تناسب الرسوم.,,
replacement-national-id,check,1,معرفة رقم الهوية الوطنية,Know your national ID number,,
replacement-national-id,check,2,عنوان وطني مسجل ومحدث,Registered and updated national address,,
replacement-national-id,check,3,حساب أبشر مفعّل,Active Absher account,,
replacement-national-id,fee,1,بدل فاقد / تالف,,100,ر.س
replacement-national-id,fee,2,التوصيل,,39,ر.س
replacement-national-id,step,1,سجّل الدخول إلى أبشر أفراد,Log in to Absher Individuals,,
replacement-national-id,step,2,"اختر ""خدماتي"" ثم ""الأحوال المدنية""",Go to My Services → Civil Affairs,,
replacement-national-id,step,3,"اختر ""إصدار بدل فاقد"" أو ""بدل تالف""",Select Issue Replacement (Lost) or (Damaged),,
replacement-national-id,step,4,أكّد البيانات واختر التوصيل أو الاستلام,Confirm details and choose delivery or pickup,,
replacement-national-id,step,5,سدّد الرسوم — البطاقة تصل خلال 3-5 أيام عمل,Pay fees — card arrives in 3-5 business days,,
replacement-national-id,trouble,1,فقدت هويتي خارج المملكة,راجع أقرب سفارة أو قنصلية سعودية للحصول على وثيقة سفر مؤقتة، ثم أصدر بدل فاقد بعد العودة.,,
replacement-national-id,trouble,2,هل أحتاج لتقديم بلاغ شرطة؟,لا يُشترط حالياً، لكن يُنصح بتقديم بلاغ عبر تطبيق كلنا أمن لحمايتك من سوء الاستخدام.,,
replacement-national-id,trouble,3,هل يمكن استخدام الهوية الرقمية في توكلنا مؤقتاً؟,نعم، الهوية الرقمية في توكلنا معتمدة رسمياً ويمكن استخدامها حتى وصول البطاقة الجديدة.,,
report-absconding-musaned,check,1,مرور 15 يوماً على الأقل من تغيب العامل,At least 15 days since worker's absence,,
report-absconding-musaned,check,2,إقامة العامل سارية المفعول,Worker's Iqama is valid,,
report-absconding-musaned,check,3,لا يوجد شكوى مقدمة من العامل,No complaint filed by the worker,,
report-absconding-musaned,fee,1,تقديم البلاغ,,0,مجاني
report-absconding-musaned,step,1,سجّل الدخول إلى منصة مساند,Log in to Musaned platform,,
report-absconding-musaned,step,2,"اختر ""بلاغات"" ثم ""تقديم بلاغ تغيب""",Select Reports → File Absconding Report,,
report-absconding-musaned,step,3,اختر العامل المتغيب من القائمة,Select the absent worker from the list,,
report-absconding-musaned,step,4,حدد تاريخ التغيب وأدخل التفاصيل,Set absence date and enter details,,
report-absconding-musaned,step,5,أرسل البلاغ — يتم إشعار الجهات المختصة تلقائياً,Submit — relevant authorities are notified automatically,,
report-absconding-musaned,trouble,1,العامل قدّم شكوى ضدي — هل يمكنني تقديم بلاغ؟,لا، إذا كان هناك شكوى مقدمة من العامل، لا يمكن تقديم بلاغ تغيب حتى يتم البت في الشكوى.,,
report-absconding-musaned,trouble,2,هل يمكن إلغاء بلاغ التغيب؟,نعم، يمكن إلغاؤه عبر مساند إذا عاد العامل أو تم حل الخلاف.,,
road-issue-report,check,1,هاتف ذكي مع تطبيق بلاغ,Smartphone with Balagh app,,
road-issue-report,check,2,تفعيل خدمة الموقع (GPS),Location services (GPS) enabled,,
road-issue-report,fee,1,البلاغ,,0,مجاني
road-issue-report,step,1,حمّل تطبيق بلاغ من App Store أو Google Play,Download Balagh app from App Store or Google Play,,
road-issue-report,step,2,افتح التطبيق وسجّل الدخول (أو استخدم كضيف),Open app and log in (or use as guest),,
road-issue-report,step,3,"اختر ""بلاغ جديد"" وحدد نوع المشكلة",Select New Report and choose issue type,,
road-issue-report,step,4,التقط صورة للمشكلة — الموقع يُحدد تلقائياً,Take a photo — location is auto-detected,,
road-issue-report,step,5,أضف وصفاً وأرسل البلاغ,Add description and submit report,,
road-issue-report,step,6,تابع حالة البلاغ عبر التطبيق,Track report status via the app,,
road-issue-report,trouble,1,البلاغ لم يُعالج منذ أسابيع,يمكنك إعادة إرسال البلاغ أو تصعيده عبر منصة X/Twitter على حساب @SaudiMOTLS.,,
road-issue-report,trouble,2,المشكلة في طريق داخل المدينة وليس طريق سريع,الطرق داخل المدن من اختصاص الأمانة/البلدية. استخدم تطبيق بلدي أو تواصل مع أمانة منطقتك.,,
road-issue-report,trouble,3,هل يمكن الإبلاغ عن حادث مروري؟,لا، حوادث المرور تُبلغ عبر تطبيق كلنا أمن أو الاتصال بـ 993 (المرور).,,
saned-unemployment,check,1,سعودي الجنسية,Saudi national,,
saned-unemployment,check,2,مسجل في التأمينات الاجتماعية لمدة 12 شهراً على الأقل (متصلة أو متقطعة),Registered in GOSI for at least 12 months,,
saned-unemployment,check,3,فقدان العمل لسبب خارج عن الإرادة (ليس استقالة),Job loss was involuntary (not resignation),,
saned-unemployment,check,4,التقديم خلال 90 يوماً من تاريخ ترك العمل,Apply within 90 days of leaving work,,
saned-unemployment,check,5,قادر على العمل وباحث عن وظيفة,Able to work and actively seeking employment,,
saned-unemployment,fee,1,التقديم,,0,مجاني
saned-unemployment,fee,2,التعويض,,60,% من الراتب (أول 3 أشهر)
saned-unemployment,step,1,ادخل إلى بوابة التأمينات أون لاين,Go to GOSI Online portal,,
saned-unemployment,step,2,سجّل الدخول عبر النفاذ الوطني,Log in via National SSO,,
saned-unemployment,step,3,"اختر ""تعويضات"" ثم ""ساند""",Select Compensations → SANED,,
saned-unemployment,step,4,أكمل الطلب وارفق رقم حسابك البنكي (IBAN),Complete application and attach your bank IBAN,,
saned-unemployment,step,5,سجّل في منصة جدارات كباحث عن عمل (شرط استمرار الصرف),Register in Jadarat as job seeker (required to continue receiving benefit),,
saned-unemployment,trouble,1,استقلت من العمل — هل أستحق ساند؟,الاستقالة لا تؤهل لساند إلا في حالات محددة (مثل عدم دفع الراتب لأكثر من 3 أشهر أو بيئة عمل خطرة موثقة).,,
saned-unemployment,trouble,2,كم مبلغ التعويض الشهري؟,"60% من متوسط آخر 3 رواتب في أول 3 أشهر، ثم 50% في الأشهر التالية. الحد الأقصى 9,000 ر.س شهرياً.",,
saned-unemployment,trouble,3,ماذا لو وجدت عملاً أثناء فترة ساند؟,يتوقف الصرف تلقائياً عند تسجيلك في منشأة جديدة في التأمينات.,,
saned-unemployment,trouble,4,تجاوزت مهلة الـ 90 يوماً — هل يمكنني التقديم؟,لا، يجب التقديم خلال 90 يوماً من تاريخ ترك العمل. بعدها تسقط الأهلية لهذه الفترة.,,
saudi-business-visa,check,1,المنشأة في نطاق أخضر أو أعلى,Establishment in green Nitaqat or above,,
saudi-business-visa,check,2,رخصة عمل سارية,Valid work license,,
saudi-business-visa,check,3,عدم وجود مخالفات عمالية,No labor violations,,
saudi-business-visa,check,4,حجز التأشيرة متاح (حسب النشاط والحجم),Visa quota available (by activity and size),,
saudi-business-visa,fee,1,رسوم التأشيرة,,2000,ر.س
saudi-business-visa,fee,2,رسوم الاستقدام,,2000,ر.س تقريباً
saudi-business-visa,step,1,سجّل الدخول إلى منصة قوى,Log in to Qiwa platform,,
saudi-business-visa,step,2,"اختر ""التأشيرات"" ثم ""طلب تأشيرة عمل""",Select Visas → Request Work Visa,,
saudi-business-visa,step,3,حدد المهنة والجنسية وعدد التأشيرات,"Specify profession, nationality, and number of visas",,
saudi-business-visa,step,4,سدّد الرسوم عبر سداد,Pay fees via Sadad,,
saudi-business-visa,step,5,التأشيرة تصدر وتُرسل للسفارة في بلد العامل,Visa issues and is sent to embassy in worker's country,,
saudi-business-visa,trouble,1,لا تظهر تأشيرات متاحة,حجم التأشيرات يعتمد على نسبة السعودة ونوع النشاط. حسّن نطاقات المنشأة أو قدّم طلب استثنائي.,,
saudi-business-visa,trouble,2,ما مدة صلاحية التأشيرة؟,عادة 90 يوماً من تاريخ الإصدار. يجب أن يدخل العامل المملكة قبل انتهائها.,,
school-enrollment,check,1,حساب ولي الأمر في نظام نور,Parent account in Noor system,,
school-enrollment,check,2,شهادة ميلاد الطالب أو الهوية,Student's birth certificate or ID,,
school-enrollment,check,3,شهادة تطعيمات محدّثة,Updated vaccination certificate,,
school-enrollment,check,4,التسجيل خلال الفترة المحددة من الوزارة,Registration within ministry-specified period,,
school-enrollment,fee,1,التسجيل,,0,مجاني
school-enrollment,step,1,ادخل إلى نظام نور وسجّل الدخول عبر النفاذ الوطني,Go to Noor system and log in via National SSO,,
school-enrollment,step,2,"اختر ""تسجيل الأبناء"" ثم ""تسجيل طالب جديد""",Select Register Children → Register New Student,,
school-enrollment,step,3,أدخل بيانات الطالب (الاسم، تاريخ الميلاد، الصف),"Enter student details (name, DOB, grade)",,
school-enrollment,step,4,اختر المدرسة المرغوبة من القائمة حسب المنطقة,Select preferred school by area,,
school-enrollment,step,5,ارفع المستندات المطلوبة واضغط تقديم,Upload required documents and submit,,
school-enrollment,trouble,1,فترة التسجيل انتهت,يمكنك التقديم للتسجيل المتأخر عبر نور أو مراجعة إدارة التعليم في منطقتك.,,
school-enrollment,trouble,2,المدرسة المرغوبة ممتلئة,النظام يعرض بدائل قريبة. يمكنك أيضاً تقديم طلب نقل لاحقاً.,,
school-enrollment,trouble,3,هل يمكن تسجيل أبناء المقيمين؟,نعم، بشرط إقامة سارية وشهادة ميلاد أو جواز سفر.,,
simah-credit-report,check,1,هوية وطنية أو إقامة سارية,Valid national ID or Iqama,,
simah-credit-report,check,2,حساب في موقع سمة أو تطبيق سمة,Account on SIMAH website or app,,
simah-credit-report,fee,1,التقرير المجاني,,0,مرة واحدة سنوياً
simah-credit-report,fee,2,تقرير إضافي,,31,ر.س
simah-credit-report,step,1,ادخل إلى موقع سمة أو حمّل تطبيق سمة,Go to SIMAH website or download SIMAH app,,
simah-credit-report,step,2,سجّل الدخول عبر النفاذ الوطني,Log in via National SSO (Nafath),,
simah-credit-report,step,3,"اختر ""تقريري الائتماني""",Select My Credit Report,,
simah-credit-report,step,4,راجع التقرير: يشمل القروض، البطاقات، التعثرات، ودرجة الائتمان,"Review report: includes loans, cards, defaults, and credit score",,
simah-credit-report,trouble,1,درجتي الائتمانية منخفضة — كيف أحسّنها؟,سدّد المتأخرات، لا تتجاوز 30% من حد بطاقاتك، ولا تتقدم على عدة قروض في وقت قصير. التحسن يأخذ 3-6 أشهر.,,
simah-credit-report,trouble,2,يوجد قرض في التقرير لم آخذه,قدّم اعتراضاً عبر موقع سمة. سيتم التحقق مع الجهة المسجلة وتصحيح البيانات خلال 20 يوم عمل.,,
simah-credit-report,trouble,3,هل يؤثر الاستعلام على درجتي؟,استعلامك الشخصي لا يؤثر. لكن استعلامات البنوك عند تقديمك على قروض متعددة قد تخفض الدرجة مؤقتاً.,,
simah-credit-report,trouble,4,كم مرة أستطيع طلب التقرير مجاناً؟,مرة واحدة كل 12 شهراً. أي تقرير إضافي يكلف 31 ر.س.,,
tawakkalna-setup,check,1,هوية وطنية أو إقامة سارية,Valid national ID or Iqama,,
tawakkalna-setup,check,2,حساب أبشر مفعّل,Active Absher account,,
tawakkalna-setup,check,3,هاتف ذكي (iOS أو Android),Smartphone (iOS or Android),,
tawakkalna-setup,fee,1,التطبيق,,0,مجاني
tawakkalna-setup,step,1,حمّل تطبيق توكلنا من App Store أو Google Play,Download Tawakkalna from App Store or Google Play,,
tawakkalna-setup,step,2,"افتح التطبيق واختر ""تسجيل جديد""",Open app and select New Registration,,
tawakkalna-setup,step,3,أدخل رقم الهوية أو الإقامة,Enter national ID or Iqama number,,
tawakkalna-setup,step,4,وافق على الطلب عبر تطبيق نفاذ,Approve request via Nafath app,,
tawakkalna-setup,step,5,التطبيق جاهز — يمكنك الآن استخدام الهوية الرقمية والخدمات,App is ready — digital ID and services now available,,
tawakkalna-setup,trouble,1,لا أستطيع التسجيل — يظهر خطأ,تأكد أن رقم جوالك محدث في أبشر وأن تطبيق نفاذ مفعّل. معظم مشاكل التسجيل سببها عدم تفعيل نفاذ.,,
tawakkalna-setup,trouble,2,ما الفرق بين توكلنا ونفاذ؟,نفاذ للتحقق من الهوية وتسجيل الدخول للمنصات. توكلنا تطبيق شامل يوفر خدمات حكومية كاملة + الهوية الرقمية.,,
tawakkalna-setup,trouble,3,هل يمكن لأكثر من شخص استخدام نفس الجوال؟,لا، كل حساب توكلنا مرتبط بجهاز واحد فقط. عند تغيير الجوال يجب إعادة التسجيل.,,
tawakkalna-setup,trouble,4,هل رخصة القيادة الرقمية في توكلنا معتمدة؟,نعم، معتمدة رسمياً من إدارة المرور ويمكن استخدامها بدل البطاقة الفعلية.,,
traffic-violation-objection,check,1,حساب أبشر مفعّل,Active Absher account,,
traffic-violation-objection,check,2,المخالفة مسجلة خلال آخر 30 يوماً,Violation recorded within last 30 days,,
traffic-violation-objection,check,3,لم يتم سداد المخالفة بعد,Violation not yet paid,,
traffic-violation-objection,fee,1,رسوم الاعتراض,,0,مجاني
traffic-violation-objection,step,1,سجّل الدخول إلى أبشر أفراد,Log in to Absher Individuals,,
traffic-violation-objection,step,2,"اختر ""خدمات المرور"" ثم ""الاعتراض على المخالفات""",Go to Traffic Services → Object to Violations,,
traffic-violation-objection,step,3,اختر المخالفة المراد الاعتراض عليها,Select the violation to object to,,
traffic-violation-objection,step,4,اكتب سبب الاعتراض بالتفصيل,Write detailed objection reason,,
traffic-violation-objection,step,5,أرسل الطلب وانتظر الرد (عادة 5-15 يوم عمل),Submit and wait for response (usually 5-15 business days),,
traffic-violation-objection,trouble,1,تجاوزت مهلة الـ 30 يوماً,لا يمكن الاعتراض بعد 30 يوماً. يجب سداد المخالفة.,,
traffic-violation-objection,trouble,2,هل الاعتراض يوقف المخالفة مؤقتاً؟,نعم، لا يُطلب السداد أثناء فترة دراسة الاعتراض.,,
traffic-violation-objection,trouble,3,تم رفض الاعتراض — ماذا أفعل؟,"يمكنك تقديم اعتراض ثانٍ عبر تطبيق ""كلنا أمن"" أو مراجعة إدارة المرور.",,
transfer-sponsorship,check,1,المنشأة المستقبلة لديها رخصة عمل سارية,Receiving establishment has valid work license,,
transfer-sponsorship,check,2,نسبة السعودة (نطاقات) في النطاق الأخضر أو أعلى,Nitaqat (Saudization) in green zone or above,,
transfer-sponsorship,check,3,عدم وجود مخالفات على المنشأة المستقبلة,No violations on receiving establishment,,
transfer-sponsorship,check,4,موافقة العامل وصاحب العمل الحالي (في الحالات المطلوبة),Consent from worker and current employer (when required),,
transfer-sponsorship,check,5,مضى 12 شهراً على أول دخول للعامل (أو انطبقت حالات الإعفاء),12 months since worker's first entry (or exemption applies),,
transfer-sponsorship,fee,1,رسوم نقل الخدمات,,2000,ر.س
transfer-sponsorship,fee,2,رخصة عمل جديدة,,100,ر.س / سنة
transfer-sponsorship,step,1,سجّل الدخول إلى منصة قوى بحساب المنشأة المستقبلة,Log in to Qiwa with the receiving establishment account,,
transfer-sponsorship,step,2,"اختر ""خدمات نقل الخدمات"" من القائمة الرئيسية",Select Transfer Services from the main menu,,
transfer-sponsorship,step,3,أدخل رقم إقامة العامل المراد نقله,Enter the worker's Iqama number,,
transfer-sponsorship,step,4,راجع بيانات العامل وتفاصيل النقل,Review worker details and transfer info,,
transfer-sponsorship,step,5,أرسل طلب النقل — يحتاج لموافقة صاحب العمل الحالي خلال 14 يوماً,Submit request — current employer has 14 days to approve,,
transfer-sponsorship,step,6,بعد الموافقة، سدّد رسوم النقل ورخصة العمل,"After approval, pay transfer and work permit fees",,
transfer-sponsorship,step,7,جدّد إقامة العامل عبر أبشر إن لزم الأمر,Renew worker's Iqama via Absher if needed,,
transfer-sponsorship,trouble,1,صاحب العمل الحالي رفض النقل,في بعض الحالات يمكن النقل دون موافقته — مثل: عدم دفع الرواتب لـ 3 أشهر، انتهاء العقد، أو وجود بلاغ كيدي. راجع منصة قوى للتفاصيل.,,
transfer-sponsorship,trouble,2,هل يمكن نقل خدمات عامل منزلي؟,نقل العمالة المنزلية يتم عبر منصة مساند، وليس قوى.,,
transfer-sponsorship,trouble,3,كم المدة حتى يتم النقل فعلياً؟,بعد موافقة الطرفين وسداد الرسوم، يتم النقل خلال 1-3 أيام عمل.,,
vehicle-inspection-fahs,check,1,استمارة المركبة (سارية أو منتهية),Vehicle registration (valid or expired),,
vehicle-inspection-fahs,check,2,المركبة بحالة قابلة للقيادة,Vehicle in drivable condition,,
vehicle-inspection-fahs,check,3,إطفاء لمبة المحرك (Check Engine) إن وجدت,Resolve Check Engine light if present,,
vehicle-inspection-fahs,fee,1,سيارة خاصة,,74,ر.س شامل الضريبة
vehicle-inspection-fahs,fee,2,إعادة الفحص,,37,ر.س
vehicle-inspection-fahs,step,1,ابحث عن أقرب محطة فحص دوري عبر موقع فحص أو خرائط قوقل,Find nearest inspection station via Fahs website or Google Maps,,
vehicle-inspection-fahs,step,2,توجّه للمحطة بمركبتك — لا يحتاج موعد مسبق في معظم المحطات,Drive to station — no appointment needed at most locations,,
vehicle-inspection-fahs,step,3,سدّد رسوم الفحص عند الوصول,Pay inspection fee on arrival,,
vehicle-inspection-fahs,step,4,يتم فحص المركبة (فرامل، إطارات، أنوار، انبعاثات، هيكل),"Vehicle is inspected (brakes, tires, lights, emissions, body)",,
vehicle-inspection-fahs,step,5,إذا نجحت — يرتبط الفحص بأبشر تلقائياً خلال ساعات,If passed — inspection links to Absher automatically within hours,,
vehicle-inspection-fahs,step,6,إذا لم تنجح — تحصل على تقرير بالملاحظات لإصلاحها ثم إعادة الفحص,"If failed — you get a report of issues to fix, then re-inspect",,
vehicle-inspection-fahs,trouble,1,المركبة لم تنجح في الفحص — ما المهلة؟,لديك 20 يوماً لإصلاح الملاحظات وإعادة الفحص برسوم مخفضة (37 ر.س).,,
vehicle-inspection-fahs,trouble,2,هل يمكن فحص مركبة باستمارة منتهية؟,نعم، يمكن الفحص والاستمارة منتهية. ستحتاج الفحص الساري لتجديد الاستمارة.,,
vehicle-inspection-fahs,trouble,3,كم مدة صلاحية الفحص الدوري؟,سنة واحدة للمركبات الخاصة الجديدة (أقل من 3 سنوات). سنة واحدة أو أقل للمركبات الأقدم.,,
vehicle-inspection-fahs,trouble,4,لمبة Check Engine تمنع النجاح؟,نعم، أي إضاءة تحذيرية في لوحة العدادات قد تسبب الرسوب. أصلح المشكلة قبل الذهاب.,,
vehicle-ownership-transfer,check,1,استمارة المركبة سارية المفعول,Valid vehicle registration (Istimara),,
vehicle-ownership-transfer,check,2,فحص دوري ساري,Valid periodic inspection,,
vehicle-ownership-transfer,check,3,تأمين مركبة ساري,Valid vehicle insurance,,
vehicle-ownership-transfer,check,4,عدم وجود مخالفات على المركبة أو البائع,No violations on vehicle or seller,,
vehicle-ownership-transfer,check,5,كلا الطرفين لديهما حساب أبشر مفعّل,Both parties have active Absher accounts,,
vehicle-ownership-transfer,fee,1,رسوم النقل,,150,ر.س
vehicle-ownership-transfer,step,1,"يسجّل البائع الدخول إلى أبشر ويختار ""بيع مركبة""",Seller logs in to Absher and selects Sell Vehicle,,
vehicle-ownership-transfer,step,2,يدخل رقم هوية المشتري ورقم لوحة المركبة,Enter buyer's ID and vehicle plate number,,
vehicle-ownership-transfer,step,3,يحدد سعر البيع ويرسل طلب النقل,Set sale price and submit transfer request,,
vehicle-ownership-transfer,step,4,يتلقى المشتري إشعاراً في أبشر للموافقة,Buyer receives notification to approve in Absher,,
vehicle-ownership-transfer,step,5,بعد موافقة المشتري وسداد الرسوم، تنتقل الملكية فوراً,"After buyer approves and pays, ownership transfers instantly",,
vehicle-ownership-transfer,trouble,1,المركبة مرهونة للبنك — هل يمكن النقل؟,لا، يجب فك الرهن أولاً من البنك ثم إجراء النقل.,,
vehicle-ownership-transfer,trouble,2,المشتري لم يقبل الطلب,الطلب صالح لمدة 7 أيام. بعدها ينتهي ويحتاج لإعادة الإرسال.,,
vehicle-ownership-transfer,trouble,3,هل يمكن نقل الملكية لمقيم؟,نعم، بشرط أن يكون لديه إقامة سارية وحساب أبشر مفعّل.,,
vehicle-registration-renewal,check,1,الفحص الدوري ساري المفعول,Valid periodic vehicle inspection (Fahs),,
vehicle-registration-renewal,check,2,تأمين مركبة ساري المفعول,Valid vehicle insurance,,
vehicle-registration-renewal,check,3,سداد جميع المخالفات المرورية,All traffic fines paid,,
vehicle-registration-renewal,check,4,الهوية الوطنية أو الإقامة سارية,Valid national ID or Iqama,,
vehicle-registration-renewal,fee,1,مركبة خاصة,,100,ر.س / سنة
vehicle-registration-renewal,fee,2,مركبة نقل,,200,ر.س / سنة
vehicle-registration-renewal,fee,3,دراجة نارية,,50,ر.س / سنة
vehicle-registration-renewal,step,1,تأكد من اجتياز الفحص الدوري (محطة فحص معتمدة),Ensure periodic inspection is passed (certified station),,
vehicle-registration-renewal,step,2,تأكد من وجود تأمين ساري (تطبيقات التأمين أو نجم),Ensure valid insurance (via insurance apps or Najm),,
vehicle-registration-renewal,step,3,سجّل الدخول إلى أبشر أفراد,Log in to Absher Individuals,,
vehicle-registration-renewal,step,4,"اختر ""خدماتي"" ثم ""خدمات المرور"" ثم ""تجديد رخصة السير""",Go to My Services → Traffic → Renew Vehicle Registration,,
vehicle-registration-renewal,step,5,اختر المركبة المراد تجديد استمارتها,Select the vehicle to renew,,
vehicle-registration-renewal,step,6,راجع البيانات وسدّد الرسوم,Review details and pay,,
vehicle-registration-renewal,trouble,1,"ظهرت رسالة ""الفحص الدوري غير ساري""",قم بزيارة أقرب محطة فحص دوري. الفحص يرتبط بأبشر تلقائياً خلال ساعات.,,
vehicle-registration-renewal,trouble,2,"ظهرت رسالة ""التأمين غير ساري""",اشترِ أو جدّد التأمين عبر أي تطبيق تأمين معتمد. يرتبط بأبشر تلقائياً خلال 24 ساعة.,,
vehicle-registration-renewal,trouble,3,هل يمكن التجديد لأكثر من سنة؟,نعم، يمكن التجديد لمدة تصل إلى 3 سنوات مقدماً، بشرط أن يكون التأمين والفحص يغطيان المدة.,,
vehicle-registration-renewal,trouble,4,المركبة مرهونة للبنك — هل يمكن التجديد؟,نعم، رهن المركبة لا يمنع تجديد الاستمارة.,,
zatca-einvoicing-registration,check,1,منشأة مسجلة في ضريبة القيمة المضافة,Establishment registered for VAT,,
zatca-einvoicing-registration,check,2,نظام فوترة إلكتروني متوافق مع متطلبات المرحلة الثانية,E-invoicing system compliant with Phase 2 requirements,,
zatca-einvoicing-registration,check,3,شهادة التشفير (CSID) من منصة فاتورة,Cryptographic stamp (CSID) from Fatoorah platform,,
zatca-einvoicing-registration,fee,1,التسجيل,,0,مجاني
zatca-einvoicing-registration,step,1,تأكد أن نظام الفوترة لديك متوافق مع متطلبات ZATCA,Ensure your invoicing system meets ZATCA requirements,,
zatca-einvoicing-registration,step,2,ادخل إلى بوابة فاتورة عبر موقع هيئة الزكاة,Access Fatoorah portal via ZATCA website,,
zatca-einvoicing-registration,step,3,سجّل جهاز الفوترة (EGS) واحصل على شهادة التشفير,Register invoicing device (EGS) and obtain CSID,,
zatca-einvoicing-registration,step,4,اختبر الربط عبر بيئة الاختبار (Sandbox),Test integration via Sandbox environment,,
zatca-einvoicing-registration,step,5,بعد نجاح الاختبار، فعّل الربط المباشر مع منصة فاتورة,"After successful testing, activate live integration",,
zatca-einvoicing-registration,trouble,1,لا أعرف في أي موجة (Wave) أنا,"ادخل موقع هيئة الزكاة واستعلم عن موجتك بناءً على إيراداتك السنوية. الموجة 24 تشمل المنشآت بإيرادات فوق 375,000 ر.س.",,
zatca-einvoicing-registration,trouble,2,هل أحتاج لنظام فوترة خاص؟,نعم، يجب استخدام نظام معتمد يدعم المرحلة الثانية. قائمة مزودي الحلول متاحة على موقع ZATCA.,,
zatca-einvoicing-registration,trouble,3,ماذا لو كانت منشأتي صغيرة جداً؟,جميع المنشآت المسجلة في VAT ملزمة بالفوترة الإلكترونية بغض النظر عن حجمها.,,
zatca-vat-registration,check,1,سجل تجاري ساري المفعول,Valid commercial registration,,
zatca-vat-registration,check,2,حساب في بوابة هيئة الزكاة والضريبة,Account on ZATCA portal,,
zatca-vat-registration,check,3,"إيرادات سنوية تتجاوز 375,000 ر.س (إلزامي) أو أقل (اختياري)","Annual revenue exceeds SAR 375,000 (mandatory) or less (optional)",,
zatca-vat-registration,fee,1,التسجيل,,0,مجاني
zatca-vat-registration,step,1,ادخل إلى بوابة هيئة الزكاة والضريبة والجمارك,Go to ZATCA portal,,
zatca-vat-registration,step,2,"سجّل الدخول واختر ""الخدمات الضريبية""",Log in and select Tax Services,,
zatca-vat-registration,step,3,"اختر ""التسجيل في ضريبة القيمة المضافة""",Select Register for VAT,,
zatca-vat-registration,step,4,أكمل نموذج التسجيل (بيانات المنشأة، الإيرادات، النشاط),"Complete registration form (establishment details, revenue, activity)",,
zatca-vat-registration,step,5,ارفع المستندات المطلوبة,Upload required documents,,
zatca-vat-registration,step,6,بعد المراجعة، يصدر الرقم الضريبي (TIN),"After review, Tax Identification Number (TIN) is issued",,
zatca-vat-registration,trouble,1,"إيراداتي أقل من 375,000 — هل أسجّل؟",التسجيل اختياري لكنه مفيد لاسترداد ضريبة المدخلات واكتساب مصداقية تجارية.,,
zatca-vat-registration,trouble,2,ما الفرق بين الزكاة وضريبة القيمة المضافة؟,الزكاة تُفرض على صافي ثروة الشركة (2.5%). ضريبة القيمة المضافة (15%) تُفرض على المبيعات وتُحصّل من المستهلك.,,
zatca-vat-registration,trouble,3,متى أبدأ بتحصيل الضريبة؟,من تاريخ سريان التسجيل المحدد في الشهادة.,,