slug,title_ar,title_en,description_ar,description_en,portal,portal_url,ministry_ar,ministry_en,category_ar,category_en,tags,penalty_ar,penalty_en,related_slugs,last_updated
absher-account-registration,تسجيل وتفعيل حساب أبشر,Register and activate Absher account,أبشر هي البوابة الإلكترونية لخدمات وزارة الداخلية. هذا الدليل يشرح كيفية إنشاء حساب جديد وتفعيله خطوة بخطوة.,Absher is the official portal for Ministry of Interior services. This guide explains how to create and activate a new account step by step.,أبشر,https://www.absher.sa,وزارة الداخلية,Ministry of Interior,خدمات عامة,General Services,"أبشر|info, مطلوب لكل الخدمات|warning, آخر تحديث: مارس 2026|warning",,,"register-national-address, renew-iqama",########
check-iqama-validity,الاستعلام عن صلاحية الإقامة عبر أبشر,Check Iqama validity via Absher,تتيح لك هذه الخدمة التحقق من تاريخ انتهاء إقامتك أو إقامة أحد مكفوليك إلكترونياً عبر أبشر، لتجنب الغرامات والتأخير.,"This service allows you to check the expiry date of your Iqama or your dependents' Iqama online via Absher, to avoid fines and delays.",أبشر أفراد,https://www.absher.sa,وزارة الداخلية,Ministry of Interior,خدمات الجوازات,Passport Services,"أبشر أفراد|info, استعلام فوري|success, آخر تحديث: مارس 2026|warning",,,"renew-iqama, dependents-fee-payment, exit-reentry-visa",########
check-traffic-violations,الاستعلام عن المخالفات المرورية برقم الهوية,Check traffic violations by ID number,تتيح لك هذه الخدمة الاستعلام عن جميع المخالفات المرورية المسجلة عليك أو على مركباتك، مع تفاصيل كل مخالفة وحالة السداد.,"This service allows you to check all traffic violations registered against you or your vehicles, with details of each violation and payment status.",أبشر أفراد / تطبيق المرور,https://www.absher.sa,وزارة الداخلية,Ministry of Interior,خدمات المرور,Traffic Services,"أبشر / تطبيق المرور|info, استعلام فوري|success, آخر تحديث: مارس 2026|warning",,,"pay-traffic-fines, traffic-violation-objection, renew-driving-license",########
convert-visit-to-iqama,تحويل تأشيرة زيارة إلى إقامة,Convert visit visa to Iqama (residence permit),في بعض الحالات يمكن تحويل تأشيرة الزيارة إلى إقامة عمل أو إقامة مرافق دون الحاجة لمغادرة المملكة والعودة.,"In some cases, a visit visa can be converted to a work residence or dependent residence without leaving the Kingdom and returning.",أبشر أعمال / قوى,https://www.absher.sa,وزارة الداخلية / وزارة الموارد البشرية,Ministry of Interior / HRSD,خدمات الجوازات,Passport Services,"أبشر أعمال / قوى|info, شروط محددة|warning, آخر تحديث: مارس 2026|warning",,,"renew-iqama, family-visit-visa, exit-reentry-visa",########
dependents-fee-payment,سداد رسوم المرافقين والتابعين,Pay dependent and companion fees,تُفرض رسوم شهرية على المرافقين والتابعين للمقيمين في المملكة. يمكن سدادها عبر أبشر أو القنوات البنكية.,Monthly fees are imposed on dependents and companions of residents in the Kingdom. They can be paid via Absher or banking channels.,أبشر أفراد / البنوك,https://www.absher.sa,وزارة الداخلية,Ministry of Interior,خدمات الجوازات,Passport Services,"أبشر / سداد|info, رسوم شهرية|warning, آخر تحديث: مارس 2026|warning",عدم السداد يمنع تجديد الإقامة وإصدار التأشيرات,Non-payment prevents Iqama renewal and visa issuance,"renew-iqama, exit-reentry-visa",########
ejar-rental-contract,توثيق عقد إيجار إلكتروني عبر إيجار,Register rental contract via Ejar,يجب توثيق جميع عقود الإيجار السكنية والتجارية إلكترونياً عبر منصة إيجار. العقد الموثق مطلوب لإصدار رخص البلدية وفتح حسابات الخدمات.,All residential and commercial rental contracts must be registered electronically via the Ejar platform. A registered contract is required for municipal licenses and utility account setup.,منصة إيجار,https://www.ejar.sa,وزارة الشؤون البلدية والقروية والإسكان,"Ministry of Municipal, Rural Affairs and Housing",خدمات الإسكان,Housing Services,"منصة إيجار|info, إلزامي لكل عقد إيجار|warning, آخر تحديث: مارس 2026|warning",عقود الإيجار غير الموثقة لا تُقبل في المحاكم ولا تُستخدم لإصدار التراخيص,Unregistered rental contracts are not accepted in courts and cannot be used for license issuance,"issue-municipal-license, register-national-address",########
electricity-connection-sec,طلب إيصال كهرباء عبر الشركة السعودية للكهرباء,Request electricity connection via SEC,تتيح هذه الخدمة طلب إيصال التيار الكهربائي لعقار جديد أو نقل الحساب إلكترونياً عبر تطبيق أو موقع الشركة السعودية للكهرباء.,This service allows you to request electricity connection for a new property or transfer an account electronically via the Saudi Electricity Company app or website.,الشركة السعودية للكهرباء (SEC),https://www.se.com.sa,الشركة السعودية للكهرباء,Saudi Electricity Company (SEC),خدمات الإسكان,Housing Services,خدمة إلكترونية|info,,,"ejar-rental-contract, sakani-housing-support",2026-03-18
exit-reentry-visa,إصدار تأشيرة خروج وعودة عبر أبشر,Issue exit/re-entry visa via Absher,تتيح لك هذه الخدمة إصدار تأشيرة خروج وعودة لأحد المكفولين أو العمالة المنزلية إلكترونياً، مما يمكّنهم من السفر خارج المملكة والعودة خلال فترة محددة.,"This service allows you to issue an exit-reentry visa for a sponsored person or domestic worker electronically, enabling them to travel outside the Kingdom and return within a specified period.",أبشر أفراد,https://www.absher.sa,وزارة الداخلية,Ministry of Interior,خدمات الجوازات,Passport Services,"أبشر أفراد|info, إلكترونية بالكامل|success, آخر تحديث: مارس 2026|warning",عدم العودة خلال مدة التأشيرة قد يؤدي لإلغاء الإقامة,Failure to return within the visa period may result in Iqama cancellation,"renew-iqama, final-exit-visa, renew-passport-expat",########
extend-visit-visa,تمديد تأشيرة الزيارة عبر أبشر,Extend visit visa via Absher,تتيح هذه الخدمة للكفيل تمديد تأشيرة الزيارة العائلية أو الشخصية إلكترونياً عبر أبشر قبل انتهاء صلاحيتها.,This service allows the sponsor to extend a family or personal visit visa electronically via Absher before it expires.,أبشر أفراد,https://www.absher.sa,وزارة الداخلية,Ministry of Interior,خدمات التأشيرات,Visa Services,يجب التمديد قبل الانتهاء|warning,,,"family-visit-visa, convert-visit-to-iqama",2026-03-18
family-visit-visa,إصدار تأشيرة زيارة عائلية عبر وزارة الخارجية,Issue family visit visa via MOFA,تتيح لك هذه الخدمة تقديم طلب تأشيرة زيارة عائلية لاستقدام أفراد عائلتك من خارج المملكة لزيارة مؤقتة.,This service allows you to apply for a family visit visa to bring your family members from outside the Kingdom for a temporary visit.,منصة التأشيرات الإلكترونية,https://visa.mofa.gov.sa,وزارة الخارجية,Ministry of Foreign Affairs,خدمات التأشيرات,Visa Services,"وزارة الخارجية|info, للمقيمين والمواطنين|success, آخر تحديث: مارس 2026|warning",عدم مغادرة الزائر قبل انتهاء التأشيرة يعرّض الكفيل لغرامة ومنع من إصدار تأشيرات مستقبلية,"If the visitor does not leave before the visa expires, the sponsor faces a fine and a ban on future visa issuance","exit-reentry-visa, renew-iqama",########
final-exit-visa,إصدار تأشيرة خروج نهائي عبر أبشر,Issue final exit visa via Absher,تمكّن هذه الخدمة صاحب العمل من إصدار تأشيرة خروج نهائي لأحد العاملين لديه، وذلك لمغادرة المملكة بشكل نهائي بعد انتهاء العلاقة العمالية.,This service enables employers to issue a final exit visa for an employee to leave the Kingdom permanently after the employment relationship ends.,أبشر أعمال,https://www.absher.sa,وزارة الداخلية,Ministry of Interior,خدمات الجوازات,Passport Services,"أبشر أعمال|info, إلكترونية بالكامل|success, آخر تحديث: مارس 2026|warning",,,"renew-iqama, exit-reentry-visa, transfer-sponsorship",########
foreign-degree-equivalency,معادلة الشهادات الأجنبية,Foreign degree equivalency,تتيح هذه الخدمة معادلة الشهادات الجامعية الصادرة من خارج المملكة لاعتمادها في التوظيف والدراسات العليا عبر وزارة التعليم.,This service allows the equivalency of university degrees issued from outside the Kingdom for use in employment and postgraduate studies via the Ministry of Education.,وزارة التعليم,https://rue.moe.gov.sa,وزارة التعليم,Ministry of Education,خدمات تعليمية,Education Services,مطلوبة للتوظيف الحكومي|warning,,,"university-admission, jadarat-job-search",2026-03-18
freelance-permit,إصدار وثيقة العمل الحر,Issue freelance work permit,وثيقة العمل الحر تتيح للمواطنين السعوديين ممارسة أعمال حرة بشكل رسمي دون الحاجة لسجل تجاري. تشمل أكثر من 140 نشاطاً في مختلف المجالات.,The freelance work permit allows Saudi citizens to practice freelance work officially without a commercial registration. It covers over 140 activities across various fields.,منصة العمل الحر,https://freelance.sa,وزارة الموارد البشرية,Ministry of Human Resources,خدمات مالية,Financial Services,"للمواطنين السعوديين فقط|info, بديل عن السجل التجاري|success",,,"issue-commercial-registration, zatca-vat-registration",2026-03-18
gosi-certificate,إصدار شهادة التأمينات الاجتماعية,Issue GOSI subscription certificate,شهادة التأمينات مطلوبة في كثير من المعاملات الحكومية والبنكية. يمكن إصدارها إلكترونياً عبر بوابة التأمينات أون لاين.,The GOSI certificate is required for many government and banking transactions. It can be issued electronically via the GOSI Online portal.,التأمينات أون لاين,https://www.gosi.gov.sa,المؤسسة العامة للتأمينات الاجتماعية,General Organization for Social Insurance (GOSI),خدمات التأمينات,Insurance Services,"التأمينات أون لاين|info, إلكترونية بالكامل|success, آخر تحديث: مارس 2026|warning",,,"gosi-register-employee, gosi-retirement-subscription",########
gosi-register-employee,تسجيل موظف في التأمينات الاجتماعية عبر أعمال,Register employee in GOSI via Amaal,تتيح هذه الخدمة لأصحاب المنشآت تسجيل موظفيهم الجدد (سعوديين ووافدين) في نظام التأمينات الاجتماعية إلكترونياً عبر بوابة أعمال.,This service allows business owners to register their new employees (Saudi and non-Saudi) in the social insurance system electronically via the GOSI Amaal portal.,التأمينات أعمال,https://www.gosi.gov.sa,المؤسسة العامة للتأمينات الاجتماعية,General Organization for Social Insurance (GOSI),خدمات التأمينات,Social Insurance Services,"التأمينات أعمال|info, إلزامي لكل موظف|warning, آخر تحديث: مارس 2026|warning","التأخر في التسجيل يعرّض المنشأة لغرامات تصل إلى 10,000 ر.س وقد يؤثر على نطاقات","Late registration exposes the establishment to fines up to SAR 10,000 and may affect Nitaqat rating","renew-work-permit, transfer-sponsorship",########
gosi-retirement-subscription,الاستعلام عن مدة الاشتراك في التأمينات,Check GOSI subscription period,تتيح لك هذه الخدمة معرفة مدة اشتراكك في التأمينات الاجتماعية والتحقق من تسجيل جهة عملك لك بشكل صحيح.,This service allows you to check your social insurance subscription period and verify that your employer has registered you correctly.,التأمينات أون لاين,https://www.gosi.gov.sa,المؤسسة العامة للتأمينات الاجتماعية,General Organization for Social Insurance (GOSI),خدمات التأمينات,Insurance Services,"التأمينات أون لاين|info, للموظفين|success, آخر تحديث: مارس 2026|warning",,,gosi-register-employee,########
hajj-umrah-permit,إصدار تصريح حج أو عمرة عبر نسك,Issue Hajj or Umrah permit via Nusuk,تتيح منصة نسك للمواطنين والمقيمين إصدار تصاريح الحج والعمرة وحجز الخدمات المرتبطة بها إلكترونياً.,The Nusuk platform allows citizens and residents to issue Hajj and Umrah permits and book related services electronically.,منصة نسك,https://www.nusuk.sa,وزارة الحج والعمرة,Ministry of Hajj and Umrah,خدمات الحج والعمرة,Hajj & Umrah Services,"منصة نسك|info, تصريح مطلوب|warning, آخر تحديث: مارس 2026|warning",,,"nafath-setup, absher-account-registration",########
issue-birth-certificate,تسجيل مولود وإصدار شهادة ميلاد,Register newborn and issue birth certificate,تتيح هذه الخدمة تسجيل المواليد الجدد وإصدار شهادة الميلاد إلكترونياً عبر أبشر خلال 15 يوماً من الولادة.,This service allows you to register newborns and issue a birth certificate electronically via Absher within 15 days of birth.,أبشر أفراد,https://www.absher.sa,وزارة الداخلية,Ministry of Interior,خدمات الأحوال المدنية,Civil Affairs,"أبشر أفراد|info, خلال 15 يوم من الولادة|warning, آخر تحديث: مارس 2026|warning",التأخر عن 15 يوماً يتطلب مراجعة الأحوال المدنية شخصياً,Delay beyond 15 days requires an in-person visit to Civil Affairs,"renew-national-id, absher-account-registration",########
issue-commercial-registration,إصدار سجل تجاري عبر المركز السعودي للأعمال,Issue commercial registration via Saudi Business Center,تتيح لك هذه الخدمة إصدار سجل تجاري رئيسي أو فرعي لمنشأتك إلكترونياً عبر المركز السعودي للأعمال، وهي الخطوة الأولى لبدء أي نشاط تجاري في المملكة.,This service allows you to issue a main or branch commercial registration for your business electronically via the Saudi Business Center — the first step to starting any business in the Kingdom.,المركز السعودي للأعمال,https://business.sa,وزارة التجارة,Ministry of Commerce,خدمات تجارية,Business Services,"المركز السعودي للأعمال|info, إلكترونية بالكامل|success, آخر تحديث: مارس 2026|warning",عدم تجديد السجل خلال 30 يوماً من انتهائه يعرّض المنشأة لغرامة وشطب,Failure to renew within 30 days of expiry exposes the business to fines and deregistration,"renew-commercial-registration, issue-municipal-license",########
issue-family-card,إصدار بطاقة العائلة (كرت العائلة) عبر أبشر,Issue family card via Absher,بطاقة العائلة وثيقة رسمية تثبت أفراد الأسرة وعلاقتهم. مطلوبة في كثير من المعاملات الحكومية والتعليمية والصحية.,"The family card is an official document that certifies family members and their relationships. It is required for many government, educational, and health transactions.",أبشر أفراد,https://www.absher.sa,وزارة الداخلية,Ministry of Interior,خدمات الأحوال المدنية,Civil Affairs,"أبشر أفراد|info, للمواطنين فقط|warning, آخر تحديث: مارس 2026|warning",,,"issue-birth-certificate, marriage-contract-najiz, renew-national-id",########
issue-municipal-license,إصدار رخصة بلدية (رخصة نشاط) عبر بلدي,Issue municipal license via Balady,الرخصة البلدية مطلوبة لمزاولة أي نشاط تجاري في موقع فعلي. تتيح منصة بلدي إصدارها إلكترونياً.,A municipal license is required to operate any business at a physical location. The Balady platform allows electronic issuance.,منصة بلدي,https://balady.gov.sa,وزارة الشؤون البلدية والقروية والإسكان,"Ministry of Municipal, Rural Affairs and Housing",خدمات تجارية,Business Services,"منصة بلدي|info, مطلوبة لكل موقع تجاري|warning, آخر تحديث: مارس 2026|warning",مزاولة نشاط بدون رخصة بلدية تعرّض المنشأة لغرامة وإغلاق,Operating without a municipal license exposes the business to fines and closure,"issue-commercial-registration, renew-commercial-registration",########
jadarat-job-search,البحث عن وظيفة عبر منصة جدارات,Search for jobs via Jadarat platform,جدارات هي المنصة الوطنية للتوظيف التي تربط الباحثين عن عمل بفرص القطاعين العام والخاص، وتحل محل منصتي طاقات وجدارة.,"Jadarat is the national employment platform connecting job seekers with public and private sector opportunities, replacing the former Taqat and Jadara platforms.",منصة جدارات,https://www.jadarat.sa,وزارة الموارد البشرية والتنمية الاجتماعية,Ministry of Human Resources and Social Development,خدمات العمل,Labor Services,"منصة جدارات|info, للباحثين عن عمل|success, آخر تحديث: مارس 2026|warning",,,"gosi-retirement-subscription, renew-national-id",########
labor-complaint-qiwa,تقديم شكوى عمالية عبر قوى,File labor complaint via Qiwa,تتيح هذه الخدمة للعاملين تقديم شكوى ضد صاحب العمل في حالات مثل: تأخر الرواتب، عدم توفير بيئة عمل آمنة، أو مخالفة شروط العقد.,"This service allows workers to file a complaint against their employer in cases such as: delayed salary, unsafe work environment, or contract violations.",منصة قوى,https://www.qiwa.sa,وزارة الموارد البشرية والتنمية الاجتماعية,Ministry of Human Resources and Social Development,خدمات العمل,Labor Services,"منصة قوى|info, للعاملين|success, آخر تحديث: مارس 2026|warning",,,"transfer-sponsorship, renew-work-permit",########
maroof-ecommerce,توثيق متجر إلكتروني عبر معروف,Certify online store via Maroof,منصة معروف تتيح لأصحاب المتاجر الإلكترونية توثيق أعمالهم وبناء ثقة مع العملاء. التوثيق مطلوب للإعلان في بعض المنصات.,The Maroof platform allows online store owners to certify their businesses and build customer trust. Certification is required for advertising on some platforms.,منصة معروف,https://maroof.sa,وزارة التجارة,Ministry of Commerce,خدمات مالية,Financial Services,مطلوب للإعلانات الإلكترونية|warning,,,"issue-commercial-registration, freelance-permit",2026-03-18
marriage-contract-najiz,توثيق عقد زواج عبر ناجز,Authenticate marriage contract via Najiz,تتيح هذه الخدمة توثيق عقد الزواج إلكترونياً عبر بوابة ناجز التابعة لوزارة العدل، دون الحاجة لزيارة المحكمة.,"This service allows electronic registration of marriage contracts via the Najiz portal of the Ministry of Justice, without the need to visit the court.",بوابة ناجز,https://www.najiz.sa,وزارة العدل,Ministry of Justice,خدمات الأحوال المدنية,Civil Affairs,"بوابة ناجز|info, إلكترونية بالكامل|success, آخر تحديث: مارس 2026|warning",,,"issue-birth-certificate, renew-national-id",########
medical-exam-iqama,الفحص الطبي للإقامة ورخصة القيادة,Medical exam for Iqama and driving license,الفحص الطبي مطلوب لإصدار أو تجديد الإقامة ولإصدار أو تجديد رخصة القيادة. يتم في المستشفيات والمستوصفات المعتمدة وتُرسل النتائج إلكترونياً.,"A medical exam is required for Iqama issuance/renewal and driving license issuance/renewal. It is done at approved hospitals and clinics, and results are sent electronically.",المستشفيات والمستوصفات المعتمدة,https://www.moh.gov.sa,وزارة الصحة,Ministry of Health,خدمات صحية,Health Services,مطلوب لتجديد الإقامة والرخصة|warning,,,"renew-iqama, renew-driving-license",2026-03-18
musaned-domestic-worker-visa,استقدام عمالة منزلية عبر مساند,Recruit domestic worker via Musaned,تتيح منصة مساند لأصحاب العمل استقدام العمالة المنزلية (سائقين، خادمات، مربيات، طباخين) من خارج المملكة بشكل إلكتروني.,"The Musaned platform allows employers to recruit domestic workers (drivers, maids, nannies, cooks) from outside the Kingdom electronically.",منصة مساند,https://www.musaned.com.sa,وزارة الموارد البشرية والتنمية الاجتماعية,Ministry of Human Resources and Social Development,خدمات العمالة المنزلية,Domestic Worker Services,"منصة مساند|info, للمواطنين والمقيمين|success, آخر تحديث: مارس 2026|warning",,,"renew-iqama, transfer-sponsorship",########
musaned-transfer-domestic-worker,نقل خدمات عمالة منزلية عبر مساند,Transfer domestic worker via Musaned,تتيح هذه الخدمة نقل خدمات عامل منزلي من كفيل إلى آخر إلكترونياً عبر منصة مساند.,This service allows the transfer of domestic worker services from one sponsor to another electronically via the Musaned platform.,منصة مساند,https://www.musaned.com.sa,وزارة الموارد البشرية والتنمية الاجتماعية,Ministry of Human Resources and Social Development,خدمات العمالة المنزلية,Domestic Worker Services,"منصة مساند|info, موافقة الطرفين مطلوبة|warning, آخر تحديث: مارس 2026|warning",,,"musaned-domestic-worker-visa, renew-iqama",########
nafath-setup,تفعيل تطبيق نفاذ الوطني,Set up Nafath national digital ID,نفاذ هو نظام الهوية الرقمية الوطني المطلوب لتسجيل الدخول إلى معظم المنصات الحكومية والبنكية. هذا الدليل يشرح التفعيل خطوة بخطوة.,Nafath is the national digital identity system required to log in to most government and banking platforms. This guide explains activation step by step.,تطبيق نفاذ,https://www.iam.gov.sa,هيئة الحكومة الرقمية,Digital Government Authority,خدمات عامة,General Services,"تطبيق نفاذ|info, مطلوب لكل المنصات|warning, آخر تحديث: مارس 2026|warning",,,"absher-account-registration, register-national-address",########
open-bank-account-resident,فتح حساب بنكي للمقيمين,Open a bank account for residents,يمكن للمقيمين في المملكة فتح حساب بنكي لدى البنوك السعودية بشرط توفر إقامة سارية وعنوان وطني مسجل. بعض البنوك تتيح الفتح إلكترونياً.,Residents in Saudi Arabia can open a bank account at Saudi banks with a valid Iqama and registered national address. Some banks allow online account opening.,البنوك السعودية,https://www.sama.gov.sa,البنك المركزي السعودي (ساما),Saudi Central Bank (SAMA),خدمات مالية,Financial Services,بعض البنوك تفتح إلكترونياً|info,,,"register-national-address, simah-credit-report",2026-03-18
pay-traffic-fines,الاستعلام عن المخالفات المرورية وسدادها,Check and pay traffic fines,تتيح لك هذه الخدمة الاستعلام عن المخالفات المرورية المسجلة عليك أو على مركباتك وسدادها إلكترونياً عبر أبشر أو تطبيقات البنوك.,This service allows you to check traffic violations registered against you or your vehicles and pay them electronically via Absher or banking apps.,أبشر أفراد,https://www.absher.sa,وزارة الداخلية,Ministry of Interior,خدمات المرور,Traffic Services,"أبشر أفراد|info, إلكترونية بالكامل|success, آخر تحديث: مارس 2026|warning",المخالفات غير المسددة تمنع تجديد الإقامة ورخصة القيادة والاستمارة,"Unpaid violations prevent Iqama renewal, driving license renewal, and vehicle registration renewal","renew-driving-license, vehicle-registration-renewal",########
power-of-attorney-najiz,إصدار وكالة إلكترونية عبر ناجز,Issue power of attorney via Najiz,تمكّنك هذه الخدمة من إصدار وكالة شرعية إلكترونية (عامة أو خاصة) عبر بوابة ناجز دون الحاجة لزيارة كتابة العدل.,This service enables you to issue an electronic power of attorney (general or specific) via the Najiz portal without visiting a notary office.,بوابة ناجز,https://www.najiz.sa,وزارة العدل,Ministry of Justice,خدمات عدلية,Justice Services,"بوابة ناجز|info, إلكترونية بالكامل|success, آخر تحديث: مارس 2026|warning",,,marriage-contract-najiz,########
property-deed-transfer-najiz,نقل ملكية عقار (إفراغ) عبر ناجز,Transfer property ownership via Najiz,تتيح هذه الخدمة نقل ملكية عقار من البائع إلى المشتري إلكترونياً عبر بوابة ناجز، دون الحاجة لزيارة كتابة العدل.,"This service allows the transfer of property ownership from seller to buyer electronically via the Najiz portal, without visiting a notary office.",بوابة ناجز,https://www.najiz.sa,وزارة العدل,Ministry of Justice,خدمات عدلية,Justice Services,"بوابة ناجز|info, إلكترونية بالكامل|success, آخر تحديث: مارس 2026|warning",,,"power-of-attorney-najiz, ejar-rental-contract",########
register-national-address,تسجيل وتحديث العنوان الوطني عبر سبل,Register or update national address via Subol,العنوان الوطني مطلوب لمعظم الخدمات الحكومية والبنكية. تتيح لك هذه الخدمة تسجيل عنوانك أو تحديثه عبر منصة سبل (البريد السعودي سابقاً).,A national address is required for most government and banking services. This service allows you to register or update your address via the Subol platform (formerly Saudi Post).,منصة سبل,https://www.spl.com.sa,مؤسسة البريد السعودي (سبل),Saudi Post (SPL / Subol),خدمات عامة,General Services,"منصة سبل|info, مطلوب لمعظم الخدمات|warning, آخر تحديث: مارس 2026|warning",,,issue-commercial-registration,########
renew-commercial-registration,تجديد السجل التجاري عبر المركز السعودي للأعمال,Renew commercial registration via Saudi Business Center,تتيح لك هذه الخدمة تجديد السجل التجاري لمنشأتك إلكترونياً قبل انتهائه لتجنب الغرامات والشطب.,This service allows you to renew your commercial registration electronically before it expires to avoid fines and deregistration.,المركز السعودي للأعمال,https://business.sa,وزارة التجارة,Ministry of Commerce,خدمات تجارية,Business Services,"المركز السعودي للأعمال|info, إلكترونية بالكامل|success, آخر تحديث: مارس 2026|warning","عدم التجديد خلال 30 يوماً من الانتهاء يعرّض المنشأة لغرامة تصل إلى 10,000 ر.س وقد يؤدي للشطب","Failure to renew within 30 days of expiry exposes the business to fines up to SAR 10,000 and possible deregistration","issue-commercial-registration, issue-municipal-license",########
renew-domestic-worker-visa,تجديد تأشيرة العمالة المنزلية,Renew domestic worker visa,تتيح هذه الخدمة لصاحب العمل تجديد تأشيرة العمالة المنزلية (خادمة، سائق، مربية) إلكترونياً عبر منصة مساند أو أبشر.,"This service allows employers to renew a domestic worker visa (maid, driver, nanny) electronically via Musaned or Absher.",مساند / أبشر,https://www.musaned.com.sa,وزارة الموارد البشرية,Ministry of Human Resources,خدمات التأشيرات,Visa Services,عمالة منزلية|info,,,"musaned-domestic-worker-visa, renew-iqama",2026-03-18
renew-driving-license,تجديد رخصة القيادة عبر أبشر,Renew driving license via Absher,تمكّنك هذه الخدمة من تجديد رخصة القيادة للمواطنين والمقيمين إلكترونياً عبر منصة أبشر دون الحاجة لزيارة إدارة المرور.,This service enables citizens and residents to renew their driving license electronically via Absher without visiting the Traffic Department.,أبشر أفراد,https://www.absher.sa,وزارة الداخلية,Ministry of Interior,خدمات المرور,Traffic Services,"أبشر أفراد|info, إلكترونية بالكامل|success, آخر تحديث: مارس 2026|warning",غرامة تأخير التجديد تتراوح بين 100-150 ر.س، والقيادة برخصة منتهية مخالفة مرورية,"Late renewal fine ranges from SAR 100-150, and driving with an expired license is a traffic violation","pay-traffic-fines, vehicle-registration-renewal",########
renew-ejar-contract,تجديد عقد إيجار إلكتروني عبر إيجار,Renew rental contract via Ejar,تتيح هذه الخدمة تجديد عقد الإيجار السكني أو التجاري الموثق إلكترونياً قبل انتهائه عبر منصة إيجار.,This service allows renewal of a registered residential or commercial rental contract electronically before it expires via the Ejar platform.,منصة إيجار,https://www.ejar.sa,وزارة الشؤون البلدية والقروية والإسكان,"Ministry of Municipal, Rural Affairs and Housing",خدمات الإسكان,Housing Services,"منصة إيجار|info, موافقة الطرفين مطلوبة|warning, آخر تحديث: مارس 2026|warning",,,"ejar-rental-contract, register-national-address",########
renew-health-insurance,تجديد التأمين الصحي عبر مجلس الضمان,Renew health insurance via CCHI,التأمين الصحي إلزامي لجميع المقيمين وموظفي القطاع الخاص. يمكن التحقق من حالته وتجديده عبر مجلس الضمان الصحي.,Health insurance is mandatory for all residents and private sector employees. You can check its status and renew it via the Council of Health Insurance.,مجلس الضمان الصحي,https://www.chi.gov.sa,مجلس الضمان الصحي التعاوني,Council of Cooperative Health Insurance (CCHI),خدمات صحية,Health Services,"مجلس الضمان الصحي|info, إلزامي للمقيمين|warning, آخر تحديث: مارس 2026|warning",عدم وجود تأمين صحي ساري يمنع تجديد الإقامة,Not having valid health insurance prevents Iqama renewal,"renew-iqama, renew-work-permit",########
renew-iqama,تجديد هوية مقيم عبر أبشر,Renew resident identity (Iqama) via Absher,تمكّنك هذه الخدمة من تجديد هوية مقيم (إقامة) لأحد أفراد أسرتك أو العمالة المنزلية إلكترونياً عبر منصة أبشر، دون الحاجة لزيارة الجوازات.,"This service enables you to renew a resident identity (Iqama) for your family members or domestic workers electronically via Absher, without visiting the Passport office.",أبشر أفراد / أعمال,https://www.absher.sa,وزارة الداخلية,Ministry of Interior,خدمات الجوازات,Passport Services,"أبشر أفراد / أعمال|info, إلكترونية بالكامل|success, آخر تحديث: مارس 2026|warning","غرامة التأخير: 500 ر.س للمرة الأولى — 1,000 ر.س للتكرار — الإبعاد للمرة الثالثة","Late renewal fine: SAR 500 first time — SAR 1,000 repeat — deportation third time","transfer-sponsorship, issue-exit-reentry-visa, renew-work-permit",########
renew-national-id,تجديد الهوية الوطنية عبر أبشر,Renew national ID (Hawiyya) via Absher,تتيح لك هذه الخدمة تجديد بطاقة الهوية الوطنية السعودية إلكترونياً عبر منصة أبشر، وتوصيلها لعنوانك الوطني.,"This service allows you to renew your Saudi national ID card electronically via Absher, with delivery to your national address.",أبشر أفراد,https://www.absher.sa,وزارة الداخلية,Ministry of Interior,خدمات الأحوال المدنية,Civil Affairs,"أبشر أفراد|info, للمواطنين فقط|warning, آخر تحديث: مارس 2026|warning",غرامة تأخير تجديد الهوية تصل إلى 100 ر.س,Late ID renewal fine up to SAR 100,"renew-saudi-passport, register-national-address",########
renew-saudi-passport,إصدار وتجديد جواز السفر السعودي عبر أبشر,Issue or renew Saudi passport via Absher,تمكّنك هذه الخدمة من إصدار جواز سفر سعودي جديد أو تجديد جواز منتهي إلكترونياً عبر منصة أبشر، مع إمكانية توصيله لعنوانك الوطني.,"This service enables you to issue a new Saudi passport or renew an expired one electronically via Absher, with delivery to your national address.",أبشر أفراد,https://www.absher.sa,وزارة الداخلية,Ministry of Interior,خدمات الجوازات,Passport Services,"أبشر أفراد|info, للمواطنين فقط|warning, آخر تحديث: مارس 2026|warning",,,"renew-iqama, exit-reentry-visa",########
renew-work-permit,إصدار وتجديد رخصة عمل عبر قوى,Issue or renew work permit via Qiwa,تتيح هذه الخدمة لأصحاب المنشآت إصدار أو تجديد رخص العمل للعمالة الوافدة إلكترونياً عبر منصة قوى، وهي مطلوبة لتجديد الإقامة.,This service allows business owners to issue or renew work permits for foreign workers electronically via the Qiwa platform. Work permits are required for Iqama renewal.,منصة قوى,https://www.qiwa.sa,وزارة الموارد البشرية والتنمية الاجتماعية,Ministry of Human Resources and Social Development,خدمات العمل,Labor Services,"منصة قوى|info, مطلوبة لتجديد الإقامة|warning, آخر تحديث: مارس 2026|warning",رخصة العمل المنتهية تمنع تجديد الإقامة وقد تؤثر على نطاقات المنشأة,An expired work permit prevents Iqama renewal and may affect the establishment's Nitaqat rating,"renew-iqama, transfer-sponsorship",########
replacement-national-id,إصدار بدل فاقد أو تالف للهوية الوطنية عبر أبشر,Issue replacement national ID (lost or damaged) via Absher,تتيح لك هذه الخدمة إصدار بطاقة هوية وطنية بدل فاقد أو تالف إلكترونياً عبر أبشر، مع إمكانية توصيلها لعنوانك الوطني.,"This service allows you to issue a replacement national ID card (lost or damaged) electronically via Absher, with delivery to your national address.",أبشر أفراد,https://www.absher.sa,وزارة الداخلية,Ministry of Interior,خدمات الأحوال المدنية,Civil Affairs,"أبشر أفراد|info, للمواطنين فقط|warning, آخر تحديث: مارس 2026|warning",غرامة فقدان الهوية قد تصل إلى 100 ر.س في حال التكرار,The fine for losing an ID card can reach SAR 100 for repeat cases,"renew-national-id, absher-account-registration",########
report-absconding-musaned,تقديم بلاغ تغيب عمالة منزلية عبر مساند,Report absconding domestic worker via Musaned,تتيح هذه الخدمة لصاحب العمل تقديم بلاغ تغيب على عامل منزلي ترك العمل بدون سبب مشروع.,This service allows employers to file an absconding report against a domestic worker who left work without a legitimate reason.,منصة مساند,https://www.musaned.com.sa,وزارة الموارد البشرية والتنمية الاجتماعية,Ministry of Human Resources and Social Development,خدمات العمالة المنزلية,Domestic Worker Services,"منصة مساند|info, خلال 15 يوم من التغيب|warning, آخر تحديث: مارس 2026|warning",,,"musaned-domestic-worker-visa, musaned-transfer-domestic-worker",########
road-issue-report,بلاغ عن مشكلة في الطريق عبر تطبيق بلاغ,Report road issue via Balagh app,تتيح هذه الخدمة الإبلاغ عن مشاكل الطرق (حفر، إضاءة معطلة، لوحات مفقودة، حواجز تالفة) عبر تطبيق بلاغ التابع لوزارة النقل.,"This service allows you to report road problems (potholes, broken lights, missing signs, damaged barriers) via the Balagh app of the Ministry of Transport.",تطبيق بلاغ,https://www.mot.gov.sa,وزارة النقل والخدمات اللوجستية,Ministry of Transport and Logistic Services,خدمات عامة,General Services,"تطبيق بلاغ|info, مجاني للجميع|success, آخر تحديث: مارس 2026|warning",,,"absher-account-registration, tawakkalna-setup",########
sakani-housing-support,التقديم على دعم سكني عبر سكني,Apply for housing support via Sakani,برنامج سكني يوفر حلولاً سكنية متنوعة للمواطنين السعوديين تشمل: أراضي مجانية، وحدات سكنية جاهزة، وتمويل عقاري مدعوم.,"The Sakani program provides various housing solutions for Saudi citizens including: free land, ready housing units, and subsidized real estate financing.",منصة سكني,https://sakani.sa,وزارة الشؤون البلدية والقروية والإسكان,"Ministry of Municipal, Rural Affairs and Housing",خدمات الإسكان,Housing Services,"للمواطنين السعوديين فقط|info, دعم حكومي|success",,,"ejar-rental-contract, register-national-address",2026-03-18
saned-unemployment,التقديم على إعانة ساند (التعطل عن العمل),Apply for SANED unemployment benefit,نظام ساند يوفر تعويضاً شهرياً للمواطنين السعوديين الذين فقدوا وظائفهم لأسباب خارجة عن إرادتهم، لمدة تصل إلى 12 شهراً.,"The SANED system provides monthly compensation for Saudi citizens who lost their jobs for reasons beyond their control, for up to 12 months.",التأمينات أون لاين,https://www.gosi.gov.sa,المؤسسة العامة للتأمينات الاجتماعية,General Organization for Social Insurance (GOSI),خدمات التأمينات,Insurance Services,"التأمينات أون لاين|info, للسعوديين فقط|warning, آخر تحديث: مارس 2026|warning",,,"gosi-certificate, jadarat-job-search",########
saudi-business-visa,إصدار تأشيرة عمل (استقدام) عبر قوى,Issue work visa via Qiwa,تتيح هذه الخدمة لأصحاب المنشآت إصدار تأشيرة عمل لاستقدام عمالة من خارج المملكة عبر منصة قوى.,This service allows business owners to issue a work visa to recruit workers from outside the Kingdom via the Qiwa platform.,منصة قوى,https://www.qiwa.sa,وزارة الموارد البشرية والتنمية الاجتماعية,Ministry of Human Resources and Social Development,خدمات العمل,Labor Services,"منصة قوى|info, للمنشآت فقط|warning, آخر تحديث: مارس 2026|warning",,,"renew-work-permit, transfer-sponsorship",########
saudi-tourist-evisa,إصدار تأشيرة سياحية إلكترونية (eVisa),Apply for Saudi tourist eVisa,تتيح تأشيرة السياحة الإلكترونية لمواطني أكثر من 60 دولة زيارة المملكة لأغراض السياحة والعمرة والفعاليات، وتصدر خلال دقائق عبر الإنترنت.,"The electronic tourist visa allows citizens of 60+ countries to visit Saudi Arabia for tourism, Umrah, and events. It is issued within minutes online.",منصة Visit Saudi,https://visa.visitsaudi.com,وزارة السياحة / وزارة الخارجية,Ministry of Tourism / MOFA,خدمات التأشيرات,Visa Services,متاحة لـ 60+ جنسية|info,,,"family-visit-visa, hajj-umrah-permit",2026-03-18
school-enrollment,تسجيل طالب في المدارس الحكومية عبر نظام نور,Enroll student in public school via Noor,تتيح هذه الخدمة لولي الأمر تسجيل أبنائه في المدارس الحكومية (ابتدائي، متوسط، ثانوي) عبر نظام نور الإلكتروني.,"This service allows parents to enroll their children in public schools (elementary, middle, high school) via the Noor electronic system.",نظام نور,https://noor.moe.gov.sa,وزارة التعليم,Ministry of Education,خدمات تعليمية,Education Services,"نظام نور|info, فترات تسجيل محددة|warning, آخر تحديث: مارس 2026|warning",,,"absher-account-registration, nafath-setup",########
sehhaty-appointment,حجز موعد عبر تطبيق صحتي,Book appointment via Sehhaty app,تطبيق صحتي هو المنصة الصحية الرسمية في المملكة. يتيح حجز مواعيد في المراكز الصحية والمستشفيات الحكومية، والاطلاع على السجل الصحي والتطعيمات.,"Sehhaty is the official health platform in Saudi Arabia. It allows booking appointments at health centers and government hospitals, and viewing health records and vaccinations.",تطبيق صحتي,https://www.moh.gov.sa/en/eServices/Pages/Sehhaty.aspx,وزارة الصحة,Ministry of Health,خدمات صحية,Health Services,تطبيق جوال|info,,,"renew-health-insurance, nafath-setup",2026-03-18
simah-credit-report,طلب تقرير سمة الائتماني,Request SIMAH credit report,تقرير سمة يوضح سجلك الائتماني لدى البنوك وشركات التمويل. مطلوب عند التقديم على قرض أو بطاقة ائتمانية أو تمويل عقاري.,"The SIMAH report shows your credit history with banks and finance companies. It is required when applying for loans, credit cards, or real estate financing.",سمة الائتمانية,https://www.simah.com,الشركة السعودية للمعلومات الائتمانية (سمة),Saudi Credit Bureau (SIMAH),خدمات مالية,Financial Services,"سمة الائتمانية|info, تقرير مجاني مرة سنوياً|success, آخر تحديث: مارس 2026|warning",,,"absher-account-registration, nafath-setup",########
tawakkalna-setup,التسجيل وتفعيل تطبيق توكلنا خدمات,Set up Tawakkalna Services app,توكلنا هو التطبيق الحكومي الشامل الذي يوفر أكثر من 600 خدمة حكومية، بما في ذلك الهوية الرقمية ورخصة القيادة الرقمية وتصاريح الحج والعمرة.,"Tawakkalna is the comprehensive government app offering over 600 government services, including digital ID, digital driving license, and Hajj/Umrah permits.",تطبيق توكلنا,https://ta.sdaia.gov.sa,الهيئة السعودية للبيانات والذكاء الاصطناعي,Saudi Data and AI Authority (SDAIA),خدمات عامة,General Services,"تطبيق توكلنا|info, 600+ خدمة حكومية|success, آخر تحديث: مارس 2026|warning",,,"nafath-setup, absher-account-registration",########
traffic-violation-objection,الاعتراض على مخالفة مرورية عبر أبشر,Object to traffic violation via Absher,تتيح هذه الخدمة الاعتراض على مخالفة مرورية مسجلة إذا كنت تعتقد أنها غير صحيحة، خلال 30 يوماً من تاريخ تسجيلها.,"This service allows you to object to a registered traffic violation if you believe it is incorrect, within 30 days of its registration date.",أبشر أفراد,https://www.absher.sa,وزارة الداخلية,Ministry of Interior,خدمات المرور,Traffic Services,"أبشر أفراد|info, خلال 30 يوم من المخالفة|warning, آخر تحديث: مارس 2026|warning",,,"pay-traffic-fines, renew-driving-license",########
transfer-sponsorship,نقل خدمات عامل (نقل كفالة) عبر قوى,Transfer worker sponsorship via Qiwa,تتيح هذه الخدمة لأصحاب العمل نقل خدمات عامل من منشأة إلى أخرى إلكترونياً عبر منصة قوى، وذلك وفق ضوابط نظام العمل المحدّثة.,"This service allows employers to transfer worker services from one establishment to another electronically via the Qiwa platform, according to updated labor regulations.",منصة قوى,https://www.qiwa.sa,وزارة الموارد البشرية والتنمية الاجتماعية,Ministry of Human Resources and Social Development,خدمات العمل,Labor Services,"منصة قوى|info, موافقة الطرفين مطلوبة|warning, آخر تحديث: مارس 2026|warning",,,"renew-iqama, renew-work-permit, final-exit-visa",########
university-admission,التقديم على الجامعات عبر بوابة القبول الموحد,Apply to universities via unified admission portal,تتيح بوابات القبول الموحد التقديم على الجامعات والكليات الحكومية إلكترونياً. لكل منطقة بوابة خاصة (الرياض، مكة، الشرقية...).,"Unified admission portals allow electronic applications to government universities and colleges. Each region has its own portal (Riyadh, Makkah, Eastern...).",بوابات القبول الموحد,https://rgu.moe.gov.sa,وزارة التعليم,Ministry of Education,خدمات تعليمية,Education Services,فترة تقديم محدودة|warning,,,school-enrollment,2026-03-18
vehicle-inspection-fahs,إجراء الفحص الدوري للمركبة (فحص),Vehicle periodic inspection (Fahs),الفحص الدوري إلزامي لجميع المركبات في المملكة ومطلوب لتجديد استمارة السيارة. يتم في محطات الفحص المعتمدة.,Periodic vehicle inspection is mandatory for all vehicles in the Kingdom and required for vehicle registration renewal. It is done at approved inspection stations.,محطات الفحص الدوري,https://www.mvpi.com.sa,الهيئة السعودية للمواصفات والمقاييس,"Saudi Standards, Metrology and Quality Organization",خدمات المرور,Traffic Services,"محطات الفحص الدوري|info, مطلوب لتجديد الاستمارة|warning, آخر تحديث: مارس 2026|warning",القيادة بدون فحص دوري ساري مخالفة مرورية وتمنع تجديد الاستمارة,Driving without a valid periodic inspection is a traffic violation and prevents vehicle registration renewal,"vehicle-registration-renewal, vehicle-ownership-transfer",########
vehicle-ownership-transfer,نقل ملكية مركبة عبر أبشر,Transfer vehicle ownership via Absher,تمكّنك هذه الخدمة من نقل ملكية مركبة بين بائع ومشتري إلكترونياً عبر أبشر، دون الحاجة لزيارة إدارة المرور.,"This service enables vehicle ownership transfer between seller and buyer electronically via Absher, without visiting the Traffic Department.",أبشر أفراد,https://www.absher.sa,وزارة الداخلية,Ministry of Interior,خدمات المرور,Traffic Services,"أبشر أفراد|info, موافقة الطرفين مطلوبة|warning, آخر تحديث: مارس 2026|warning",,,"vehicle-registration-renewal, renew-driving-license",########
vehicle-registration-renewal,تجديد استمارة المركبة عبر أبشر,Renew vehicle registration (Istimara) via Absher,تتيح لك هذه الخدمة تجديد رخصة سير المركبة (الاستمارة) إلكترونياً عبر منصة أبشر، بشرط اجتياز الفحص الدوري وتوفر تأمين ساري.,"This service allows you to renew your vehicle registration (Istimara) electronically via Absher, provided you have a valid periodic inspection and active insurance.",أبشر أفراد,https://www.absher.sa,وزارة الداخلية,Ministry of Interior,خدمات المرور,Traffic Services,"أبشر أفراد|info, يتطلب فحص دوري وتأمين|warning, آخر تحديث: مارس 2026|warning",غرامة التأخير في التجديد تتراوح بين 100-150 ر.س، والقيادة باستمارة منتهية مخالفة مرورية,"Late renewal fine ranges from SAR 100-150, and driving with an expired registration is a traffic violation","renew-driving-license, pay-traffic-fines",########
water-connection-nwc,طلب إيصال مياه عبر شركة المياه الوطنية,Request water connection via NWC,تتيح هذه الخدمة طلب إيصال خدمة المياه لعقار جديد أو نقل الحساب إلكترونياً عبر شركة المياه الوطنية.,This service allows you to request water connection for a new property or transfer an account electronically via the National Water Company.,شركة المياه الوطنية (NWC),https://www.nwc.com.sa,شركة المياه الوطنية,National Water Company (NWC),خدمات الإسكان,Housing Services,خدمة إلكترونية|info,,,"electricity-connection-sec, ejar-rental-contract",2026-03-18
zatca-einvoicing-registration,التسجيل في الفوترة الإلكترونية (فاتورة) عبر هيئة الزكاة,Register for e-invoicing (Fatoorah) via ZATCA,الفوترة الإلكترونية إلزامية لجميع المنشآت المسجلة في ضريبة القيمة المضافة. يجب ربط أنظمة الفوترة مع منصة فاتورة التابعة لهيئة الزكاة.,Electronic invoicing is mandatory for all establishments registered for VAT. Invoicing systems must be linked with the ZATCA Fatoora platform.,هيئة الزكاة والضريبة والجمارك,https://zatca.gov.sa,هيئة الزكاة والضريبة والجمارك,"Zakat, Tax and Customs Authority (ZATCA)",خدمات ضريبية,Tax Services,"منصة فاتورة|info, إلزامي لجميع المنشآت|warning, آخر تحديث: مارس 2026|warning","غرامات عدم الامتثال تتراوح بين 5,000 و 50,000 ر.س","Non-compliance fines range from SAR 5,000 to SAR 50,000","zatca-vat-registration, issue-commercial-registration",########
zatca-vat-registration,التسجيل في ضريبة القيمة المضافة عبر هيئة الزكاة,Register for VAT via ZATCA,"يجب على كل منشأة تتجاوز إيراداتها السنوية 375,000 ر.س التسجيل في ضريبة القيمة المضافة (15%) لدى هيئة الزكاة والضريبة والجمارك.","Every establishment with annual revenue exceeding SAR 375,000 must register for Value Added Tax (15%) with the Zakat, Tax and Customs Authority (ZATCA).",هيئة الزكاة والضريبة والجمارك,https://zatca.gov.sa,هيئة الزكاة والضريبة والجمارك,"Zakat, Tax and Customs Authority (ZATCA)",خدمات ضريبية,Tax Services,"هيئة الزكاة والضريبة|info, إلزامي فوق 375|info, 000 ر.س|warning, آخر تحديث: مارس 2026|warning","عدم التسجيل مع تجاوز الحد يعرّض المنشأة لغرامة تصل إلى 10,000 ر.س","Failure to register while exceeding the threshold exposes the establishment to fines up to SAR 10,000","issue-commercial-registration, renew-commercial-registration",########